"CUSTOMER_ID","NAME","CITY","PAYMENT_STATUS"
9711,Süleyman,KARABÜK,UNPAID
9718,Tuğba,MANİSA,UNPAID
9719,Songül,AMASYA,LATE
9720,Yasemin,MARDİN,LATE
9723,Yasemin,MUŞ,LATE
9727,Esra,ADANA,UNPAID
9729,Ahmet,KARS,UNPAID
9732,Aysel,KOCAELİ,LATE
9733,Hülya,BATMAN,UNPAID
9734,Meryem,DENİZLİ,LATE
9735,Fatih,SAMSUN,LATE
9736,Emine,MUŞ,LATE
9740,İbrahim,AKSARAY,UNPAID
9742,Özlem,HAKKARİ,UNPAID
9751,Kübra,GAZİANTEP,LATE
9753,Yusuf,TRABZON,UNPAID
9761,Ömer,ANTALYA,LATE
9764,Rabia,VAN,LATE
9766,Zehra,AKSARAY,UNPAID
9774,Tuğba,BURSA,UNPAID
9775,Ahmet,KOCAELİ,LATE
9777,Sevim,DİYARBAKIR,UNPAID
9784,Serkan,İZMİR,UNPAID
9785,Elif,ERZURUM,UNPAID
9786,Sevim,BALIKESİR,LATE
9787,Mahmut,MARDİN,LATE
9790,Elif,ISPARTA,UNPAID
9793,Mahmut,AFYONKARAHİSAR,LATE
9795,Kübra,MERSİN,UNPAID
9800,Merve,TOKAT,LATE
9804,Kadir,KİLİS,LATE
9816,Yağmur,ŞIRNAK,UNPAID
9828,Adem,ERZİNCAN,LATE
9831,Ömer,GAZİANTEP,LATE
9833,Halil,AKSARAY,UNPAID
9835,Fadime,BURSA,UNPAID
9837,Fadime,AMASYA,UNPAID
9845,Burak,GÜMÜŞHANE,UNPAID
9850,Melek,KAYSERİ,LATE
9852,Serkan,ERZİNCAN,UNPAID
9855,Yusuf,AYDIN,UNPAID
9856,Yağmur,BALIKESİR,UNPAID
9858,Melek,KONYA,UNPAID
9862,Aynur,KARABÜK,LATE
9865,İbrahim,AMASYA,LATE
9552,Zehra,KAYSERİ,LATE
9554,Murat,MANİSA,UNPAID
9556,Mehmet,OSMANİYE,LATE
9559,Enes,GAZİANTEP,LATE
9560,Ali,UŞAK,LATE
9566,Yasemin,ELAZIĞ,UNPAID
9569,Hülya,ESKİŞEHİR,UNPAID
9571,Aysel,SAKARYA,UNPAID
9574,Murat,SAMSUN,LATE
9576,Fadime,ANTALYA,LATE
9589,Enes,BATMAN,LATE
9599,Murat,ISPARTA,UNPAID
9601,Abdullah,MUĞLA,UNPAID
9604,Osman,ERZURUM,UNPAID
9608,Mehmet,KONYA,LATE
9610,Ayşegül,NEVŞEHİR,UNPAID
9618,Sevim,GAZİANTEP,UNPAID
9623,Yasemin,BARTIN,LATE
9624,Muhammed,İSTANBUL,UNPAID
9632,Büşra,GİRESUN,UNPAID
9635,Enes,ZONGULDAK,UNPAID
9644,Murat,ANTALYA,UNPAID
9645,Rabia,YOZGAT,UNPAID
9659,Ramazan,SAKARYA,LATE
9661,Furkan,RİZE,LATE
9666,Sevim,TEKİRDAĞ,LATE
9668,Dilek,ANKARA,LATE
9670,Fadime,SİNOP,LATE
9673,Abdullah,ŞIRNAK,LATE
9674,Özlem,BOLU,LATE
9676,Yağmur,ESKİŞEHİR,UNPAID
9678,Ömer,KIRIKKALE,LATE
9686,Muhammed,ŞANLIURFA,LATE
9694,Aynur,ADANA,UNPAID
9695,Ahmet,VAN,UNPAID
9698,Hatice,BOLU,LATE
9706,Enes,NEVŞEHİR,LATE
9707,Hatice,KÜTAHYA,LATE
9708,Melek,TEKİRDAĞ,UNPAID
9709,Furkan,MALATYA,LATE
9395,Ahmet,MUŞ,LATE
9398,Yusuf,BAYBURT,UNPAID
9401,Sevim,BİLECİK,UNPAID
9402,Zeynep,ERZİNCAN,LATE
9409,Meryem,DENİZLİ,LATE
9421,Rabia,SAMSUN,LATE
9424,Meryem,ARTVİN,UNPAID
9425,Aysel,KARABÜK,UNPAID
9431,Esra,TUNCELİ,UNPAID
9433,Süleyman,SAKARYA,UNPAID
9436,Yusuf,SİVAS,LATE
9441,Fadime,AKSARAY,UNPAID
9442,Ahmet,KIRKLARELİ,UNPAID
9443,Özlem,ORDU,LATE
9446,Abdullah,ÇANAKKALE,LATE
9449,Muhammed,BARTIN,LATE
9453,Ömer,AMASYA,LATE
9454,Songül,GÜMÜŞHANE,UNPAID
9455,Fatih,ARTVİN,LATE
9459,Emre,NİĞDE,LATE
9461,Fatih,ZONGULDAK,LATE
9463,Muhammed,KAHRAMANMARAŞ,LATE
9470,Süleyman,TOKAT,UNPAID
9473,Süleyman,ZONGULDAK,LATE
9478,Ramazan,EDİRNE,LATE
9482,Ahmet,DİYARBAKIR,UNPAID
9487,Murat,AKSARAY,UNPAID
9489,Mahmut,ÇORUM,LATE
9491,Yasin,ADIYAMAN,UNPAID
9502,Ali,KAYSERİ,UNPAID
9503,Tuğba,AFYONKARAHİSAR,UNPAID
9504,Meryem,AĞRI,UNPAID
9510,Muhammed,KİLİS,LATE
9511,Zeynep,MUĞLA,UNPAID
9514,Leyla,NİĞDE,UNPAID
9518,Murat,EDİRNE,LATE
9520,Osman,BARTIN,LATE
9525,Emine,MARDİN,UNPAID
9526,Emre,OSMANİYE,LATE
9528,Mustafa,MUŞ,UNPAID
9529,Fatih,KARAMAN,LATE
9530,Yasin,KARAMAN,UNPAID
9532,Özlem,RİZE,UNPAID
9533,Halil,HATAY,LATE
9540,Dilek,TOKAT,UNPAID
9546,Furkan,BARTIN,LATE
9547,İbrahim,DİYARBAKIR,UNPAID
9241,Merve,SAMSUN,UNPAID
9242,Adem,DÜZCE,UNPAID
9243,Dilek,ISPARTA,UNPAID
9252,Yusuf,TUNCELİ,UNPAID
9253,Muhammed,ISPARTA,LATE
9256,Tuğba,AMASYA,LATE
9258,Enes,KIRŞEHİR,LATE
9262,Osman,SİNOP,LATE
9265,Yusuf,KÜTAHYA,LATE
9266,Hacer,HATAY,UNPAID
9271,Adem,ÇANAKKALE,UNPAID
9272,Sultan,VAN,UNPAID
9273,Sultan,ADANA,LATE
9274,Hacer,TUNCELİ,UNPAID
9277,Hakan,ŞIRNAK,UNPAID
9279,Aysel,KAHRAMANMARAŞ,UNPAID
9280,Hacer,NEVŞEHİR,UNPAID
9281,Meryem,HATAY,LATE
9291,Muhammed,ARDAHAN,UNPAID
9292,Enes,BİTLİS,UNPAID
9293,Zeynep,ZONGULDAK,LATE
9299,Leyla,RİZE,LATE
9301,Metin,KARABÜK,LATE
9307,Meryem,SAMSUN,UNPAID
9318,Abdullah,SİVAS,UNPAID
9320,Serkan,KIRKLARELİ,LATE
9322,Hasan,KÜTAHYA,LATE
9325,Hüseyin,YALOVA,LATE
9327,Süleyman,BURDUR,UNPAID
9328,Rabia,DİYARBAKIR,LATE
9334,Kübra,KASTAMONU,LATE
9340,Ömer,HAKKARİ,LATE
9342,Serkan,DİYARBAKIR,LATE
9346,Fatih,NEVŞEHİR,LATE
9349,Hülya,KARABÜK,UNPAID
9367,Kadir,KIRIKKALE,UNPAID
9370,Zehra,KASTAMONU,UNPAID
9372,Enes,MUĞLA,LATE
9376,Metin,YOZGAT,LATE
9377,Yağmur,ADIYAMAN,LATE
9379,Osman,TUNCELİ,LATE
9383,Osman,SİNOP,LATE
9386,Adem,MERSİN,LATE
9391,Songül,DÜZCE,LATE
9393,Ahmet,SAKARYA,LATE
9083,Ayşe,GÜMÜŞHANE,LATE
9093,Songül,ŞANLIURFA,UNPAID
9094,Emre,HATAY,LATE
9105,Osman,BARTIN,UNPAID
9124,Merve,ADIYAMAN,LATE
9125,Merve,BARTIN,UNPAID
9127,Özlem,KONYA,UNPAID
9139,Sevim,ADIYAMAN,LATE
9140,Yusuf,ŞANLIURFA,UNPAID
9153,Ayşegül,TRABZON,UNPAID
9159,Merve,BİNGÖL,UNPAID
9168,Zehra,IĞDIR,UNPAID
9170,Elif,MERSİN,LATE
9178,Leyla,ÇANAKKALE,UNPAID
9181,Enes,SİNOP,UNPAID
9182,Fadime,VAN,LATE
9184,Emre,SAKARYA,LATE
9185,Abdullah,ISPARTA,LATE
9194,Rabia,SİVAS,UNPAID
9201,Ahmet,TUNCELİ,LATE
9202,Burak,BALIKESİR,LATE
9206,Burak,ŞIRNAK,LATE
9208,Özlem,KAYSERİ,UNPAID
9210,Melek,ÇORUM,LATE
9212,Serkan,KAYSERİ,LATE
9213,Havva,KONYA,LATE
9222,Fatma,TOKAT,LATE
9224,Furkan,AMASYA,LATE
9225,Fatih,MALATYA,UNPAID
9226,Murat,DÜZCE,LATE
9227,Ayşe,KIRKLARELİ,LATE
9228,Ramazan,BALIKESİR,LATE
9231,Yağmur,BİNGÖL,UNPAID
9232,Esra,İZMİR,UNPAID
9233,Emre,MALATYA,UNPAID
9235,Burak,SİVAS,LATE
9238,Ali,BİLECİK,LATE
8926,Dilek,ISPARTA,UNPAID
8929,Fatih,MERSİN,LATE
8930,Hülya,RİZE,UNPAID
8941,Halil,NEVŞEHİR,LATE
8942,Aysel,KARS,LATE
8947,Yasemin,RİZE,LATE
8948,Zeynep,TOKAT,UNPAID
8955,Yasin,GİRESUN,LATE
8960,Yağmur,ŞIRNAK,UNPAID
8964,Aysel,DİYARBAKIR,UNPAID
8965,Mustafa,NİĞDE,LATE
8966,Sultan,DİYARBAKIR,LATE
8970,Ahmet,SİVAS,UNPAID
8971,Songül,KAHRAMANMARAŞ,UNPAID
8973,Kübra,KİLİS,LATE
8975,Tuğba,KIRŞEHİR,UNPAID
8976,Özlem,MARDİN,UNPAID
8977,Burak,MERSİN,UNPAID
8979,Kadir,YOZGAT,LATE
8986,Ömer,YOZGAT,UNPAID
8987,İsmail,BAYBURT,LATE
8990,Enes,BİLECİK,LATE
9004,Sevim,KAYSERİ,LATE
9006,Ömer,KÜTAHYA,UNPAID
9014,Enes,MARDİN,LATE
9015,Serkan,ERZİNCAN,LATE
9019,Hasan,AMASYA,LATE
9020,İbrahim,SAKARYA,LATE
9025,Zeynep,ISPARTA,LATE
9026,Rabia,BİTLİS,UNPAID
9027,Aynur,MALATYA,UNPAID
9029,Kübra,İZMİR,LATE
9030,Ali,BURSA,UNPAID
9032,Mustafa,BURDUR,UNPAID
9033,Rabia,ARTVİN,LATE
9040,Sevim,ERZURUM,LATE
9042,Aysel,ARTVİN,UNPAID
9043,Adem,KIRKLARELİ,LATE
9046,Ramazan,AĞRI,LATE
9047,Sevim,KARS,LATE
9049,Mustafa,KARAMAN,UNPAID
9053,Emre,KARS,LATE
9055,Ayşegül,MUĞLA,UNPAID
9059,Ahmet,KAYSERİ,UNPAID
9061,Sultan,KİLİS,UNPAID
9062,Ahmet,ELAZIĞ,UNPAID
9063,Recep,İSTANBUL,LATE
9065,Songül,TOKAT,LATE
9072,Abdullah,AFYONKARAHİSAR,LATE
8770,Emre,KİLİS,UNPAID
8774,Fatih,ORDU,UNPAID
8775,Aysel,VAN,LATE
8777,Muhammed,ANTALYA,UNPAID
8778,Fatma,İSTANBUL,UNPAID
8780,Sevim,KİLİS,UNPAID
8782,Kübra,IĞDIR,UNPAID
8784,Aysel,TUNCELİ,LATE
8791,Mahmut,ERZURUM,UNPAID
8802,Zeynep,GİRESUN,LATE
8805,İsmail,ANTALYA,UNPAID
8809,Yusuf,UŞAK,UNPAID
8811,Hülya,SİNOP,UNPAID
8812,Hatice,BOLU,UNPAID
8818,Elif,BURDUR,LATE
8819,Murat,YOZGAT,LATE
8822,Songül,ISPARTA,UNPAID
8827,İbrahim,BARTIN,UNPAID
8830,Leyla,BATMAN,LATE
8831,Süleyman,EDİRNE,LATE
8832,Emre,ADIYAMAN,LATE
8833,Emre,BATMAN,LATE
8834,Mustafa,KIRKLARELİ,UNPAID
8835,Burak,TEKİRDAĞ,UNPAID
8836,Kübra,GİRESUN,LATE
8849,Elif,ARDAHAN,UNPAID
8850,Ayşe,ERZİNCAN,UNPAID
8852,Murat,KOCAELİ,UNPAID
8853,Abdullah,KONYA,LATE
8854,Adem,TEKİRDAĞ,LATE
8856,Hatice,ORDU,UNPAID
8859,Merve,DİYARBAKIR,LATE
8866,Tuğba,KIRŞEHİR,UNPAID
8877,Furkan,EDİRNE,LATE
8879,Osman,GİRESUN,UNPAID
8880,Havva,KIRKLARELİ,UNPAID
8884,Metin,BATMAN,UNPAID
8902,Aysel,SAMSUN,UNPAID
8904,Ayşe,KARAMAN,LATE
8907,Fadime,DİYARBAKIR,UNPAID
8916,Burak,İZMİR,LATE
8917,Zehra,ŞANLIURFA,UNPAID
8920,Zehra,ADANA,LATE
8922,Fadime,KIRŞEHİR,UNPAID
8924,Zehra,MARDİN,LATE
8615,Yasemin,KARABÜK,LATE
8619,Hatice,DÜZCE,UNPAID
8620,Hacer,ESKİŞEHİR,LATE
8621,İbrahim,BALIKESİR,UNPAID
8622,Hakan,ARTVİN,LATE
8624,Mehmet,ŞIRNAK,LATE
8625,Songül,ADIYAMAN,LATE
8629,Mustafa,ARDAHAN,UNPAID
8638,Ali,GAZİANTEP,UNPAID
8640,İsmail,EDİRNE,LATE
8643,Halil,KAHRAMANMARAŞ,UNPAID
8644,Dilek,ŞANLIURFA,LATE
8646,Sevim,BAYBURT,UNPAID
8648,Elif,OSMANİYE,UNPAID
8653,Emre,MUŞ,UNPAID
8655,Abdullah,KAYSERİ,LATE
8657,Sevim,AFYONKARAHİSAR,LATE
8660,Hülya,GİRESUN,UNPAID
8667,Sevim,HATAY,UNPAID
8676,Mustafa,ŞIRNAK,LATE
8678,Tuğba,ÇANAKKALE,LATE
8688,Ayşe,VAN,UNPAID
8691,Hacer,KARS,LATE
8704,Emre,ARTVİN,UNPAID
8706,İbrahim,AYDIN,UNPAID
8707,Mehmet,ŞIRNAK,LATE
8708,Zehra,İZMİR,LATE
8717,Yağmur,ESKİŞEHİR,LATE
8719,Büşra,TRABZON,UNPAID
8721,Hülya,BURDUR,LATE
8722,Elif,SİİRT,UNPAID
8723,Emine,ÇANAKKALE,LATE
8729,Emre,ADIYAMAN,UNPAID
8731,Aysel,VAN,UNPAID
8732,Emine,DENİZLİ,UNPAID
8733,Abdullah,SAMSUN,LATE
8736,Süleyman,BARTIN,UNPAID
8737,Mustafa,SAMSUN,LATE
8740,Zehra,SİNOP,LATE
8741,Havva,VAN,LATE
8743,Zehra,DİYARBAKIR,LATE
8751,Emre,MUĞLA,UNPAID
8758,Emre,ÇANAKKALE,LATE
8759,Emre,SAMSUN,LATE
8765,Dilek,BATMAN,LATE
8766,Yasemin,KARAMAN,UNPAID
8768,Ayşegül,HAKKARİ,LATE
8462,Sevim,MANİSA,UNPAID
8469,Enes,MERSİN,LATE
8471,Merve,ESKİŞEHİR,LATE
8474,Hatice,KIRIKKALE,UNPAID
8477,Hacer,TUNCELİ,LATE
8478,Leyla,NİĞDE,UNPAID
8480,Fatma,DENİZLİ,UNPAID
8481,Mahmut,ARTVİN,UNPAID
8482,Zehra,BURDUR,UNPAID
8483,Hakan,HAKKARİ,UNPAID
8488,Melek,BURSA,LATE
8490,Hacer,SAMSUN,LATE
8491,Yusuf,ANKARA,LATE
8492,Recep,KARAMAN,LATE
8495,Ahmet,AFYONKARAHİSAR,LATE
8500,Hülya,ADIYAMAN,UNPAID
8502,Yasemin,VAN,UNPAID
8503,Ramazan,NİĞDE,LATE
8508,Sevim,ÇANAKKALE,LATE
8509,Hatice,OSMANİYE,LATE
8510,Muhammed,YALOVA,LATE
8511,Merve,VAN,LATE
8514,Mahmut,ADIYAMAN,LATE
8515,Kübra,BİTLİS,UNPAID
8516,Ayşegül,KÜTAHYA,UNPAID
8521,Hatice,MERSİN,LATE
8524,Enes,KAYSERİ,LATE
8525,Hacer,ŞIRNAK,LATE
8526,Büşra,BALIKESİR,UNPAID
8527,Murat,KAHRAMANMARAŞ,LATE
8529,Fatih,MERSİN,LATE
8543,Meryem,NİĞDE,UNPAID
8545,Büşra,ESKİŞEHİR,UNPAID
8552,Muhammed,ÇANKIRI,UNPAID
8555,Hatice,İZMİR,LATE
8557,Yasemin,KARABÜK,LATE
8564,Zehra,SİİRT,UNPAID
8565,Ramazan,KAHRAMANMARAŞ,LATE
8567,Leyla,ERZURUM,LATE
8573,Dilek,SAKARYA,LATE
8575,Ramazan,DÜZCE,LATE
8577,Merve,SAMSUN,LATE
8578,Kübra,ELAZIĞ,LATE
8580,Merve,ADIYAMAN,LATE
8581,Abdullah,KIRKLARELİ,UNPAID
8585,Muhammed,HAKKARİ,UNPAID
8587,Meryem,ERZURUM,LATE
8589,Fatih,ÇANKIRI,UNPAID
8592,Hüseyin,UŞAK,LATE
8595,Mustafa,TUNCELİ,LATE
8597,Metin,BALIKESİR,LATE
8601,Ali,ELAZIĞ,UNPAID
8602,Furkan,ÇANAKKALE,UNPAID
8604,Songül,BAYBURT,UNPAID
8605,Hülya,RİZE,UNPAID
8308,Fatma,TRABZON,LATE
8309,Ayşegül,KONYA,LATE
8312,Yasin,BAYBURT,LATE
8313,Enes,ARDAHAN,UNPAID
8315,Recep,KAYSERİ,UNPAID
8317,Aysel,KAYSERİ,UNPAID
8318,Rabia,SAMSUN,LATE
8319,Zehra,KOCAELİ,LATE
8320,İbrahim,TEKİRDAĞ,LATE
8324,Hakan,MUĞLA,LATE
8329,Fatma,IĞDIR,LATE
8333,Yusuf,BARTIN,LATE
8334,Aynur,ORDU,UNPAID
8338,Ali,ANKARA,LATE
8340,Zehra,KIRŞEHİR,UNPAID
8343,Hakan,AFYONKARAHİSAR,UNPAID
8347,Sultan,BİLECİK,LATE
8351,Emre,ADANA,UNPAID
8354,Recep,DÜZCE,LATE
8361,Yusuf,ISPARTA,LATE
8366,Ahmet,ANKARA,LATE
8368,Ömer,SİNOP,UNPAID
8370,Elif,YALOVA,UNPAID
8372,Yasin,ARDAHAN,UNPAID
8373,Kübra,VAN,LATE
8376,Yağmur,İSTANBUL,UNPAID
8377,Aysel,KARABÜK,UNPAID
8378,Melek,BARTIN,LATE
8384,Enes,MARDİN,UNPAID
8386,Burak,AKSARAY,UNPAID
8387,Hacer,KAHRAMANMARAŞ,UNPAID
8390,Emre,ADANA,LATE
8396,Osman,AMASYA,UNPAID
8398,Rabia,ARTVİN,UNPAID
8400,Hatice,KIRIKKALE,LATE
8404,Yağmur,ÇANAKKALE,UNPAID
8410,Süleyman,NİĞDE,LATE
8413,Melek,OSMANİYE,LATE
8418,Sultan,EDİRNE,UNPAID
8419,Fadime,ANKARA,UNPAID
8426,Halil,BATMAN,LATE
8428,Havva,ERZURUM,LATE
8433,Aysel,KÜTAHYA,LATE
8434,Osman,BURSA,UNPAID
8435,Yasemin,KARAMAN,UNPAID
8439,İsmail,SİİRT,LATE
8440,Enes,ZONGULDAK,LATE
8441,Fatma,ORDU,UNPAID
8446,Fatih,IĞDIR,UNPAID
8448,Meryem,BİTLİS,UNPAID
8452,Yasemin,TRABZON,LATE
8456,Halil,BAYBURT,UNPAID
8457,Osman,OSMANİYE,LATE
8146,Emre,MUŞ,UNPAID
8151,Zehra,ÇANKIRI,UNPAID
8154,Rabia,AKSARAY,UNPAID
8159,Burak,GAZİANTEP,LATE
8160,Mahmut,SAKARYA,LATE
8170,Ali,ADIYAMAN,LATE
8171,Sevim,KİLİS,LATE
8175,Süleyman,UŞAK,LATE
8178,Sevim,HAKKARİ,LATE
8182,Burak,ŞIRNAK,UNPAID
8189,Yağmur,MANİSA,UNPAID
8191,Osman,YOZGAT,UNPAID
8196,Havva,BİNGÖL,UNPAID
8199,Ali,KIRKLARELİ,UNPAID
8203,Ayşe,MERSİN,LATE
8209,Leyla,ORDU,UNPAID
8212,Ayşegül,MARDİN,UNPAID
8214,Kadir,KIRŞEHİR,UNPAID
8220,Özlem,BİNGÖL,UNPAID
8224,Adem,KIRŞEHİR,UNPAID
8228,Süleyman,BARTIN,LATE
8235,Osman,ÇORUM,LATE
8236,Yağmur,ZONGULDAK,LATE
8242,Elif,TEKİRDAĞ,LATE
8246,Hakan,BARTIN,LATE
8248,Adem,GİRESUN,UNPAID
8251,Elif,MARDİN,UNPAID
8257,Esra,ORDU,LATE
8260,Sultan,MERSİN,UNPAID
8263,Ahmet,SİNOP,UNPAID
8264,Hülya,MERSİN,UNPAID
8265,Ali,RİZE,UNPAID
8276,Halil,ŞIRNAK,UNPAID
8277,Yağmur,AĞRI,LATE
8289,Ali,TUNCELİ,UNPAID
8292,Emre,BAYBURT,UNPAID
8295,Ömer,AFYONKARAHİSAR,LATE
8296,Melek,AĞRI,UNPAID
8299,Yağmur,VAN,UNPAID
8301,Osman,KIRIKKALE,LATE
7992,Furkan,ŞIRNAK,UNPAID
7993,Songül,YALOVA,UNPAID
8007,Serkan,GÜMÜŞHANE,UNPAID
8008,Hacer,KIRIKKALE,LATE
8009,Mustafa,EDİRNE,UNPAID
8012,Kübra,BOLU,UNPAID
8013,Süleyman,AYDIN,UNPAID
8014,Ramazan,BAYBURT,UNPAID
8019,Abdullah,NİĞDE,UNPAID
8020,Fatih,MARDİN,LATE
8023,Fadime,MUĞLA,UNPAID
8031,Furkan,NEVŞEHİR,LATE
8032,Aynur,UŞAK,LATE
8034,Büşra,YALOVA,LATE
8035,Melek,KASTAMONU,LATE
8046,Esra,AMASYA,UNPAID
8047,Yasemin,KONYA,UNPAID
8048,İsmail,UŞAK,LATE
8050,Tuğba,UŞAK,UNPAID
8057,Ayşe,ANTALYA,UNPAID
8060,Yusuf,ELAZIĞ,UNPAID
8062,Songül,GİRESUN,LATE
8064,Fatma,ERZURUM,UNPAID
8069,Yağmur,RİZE,LATE
8078,Dilek,KARS,LATE
8083,Hasan,KARS,LATE
8084,Fatih,İSTANBUL,UNPAID
8085,Merve,KAYSERİ,UNPAID
8089,Yusuf,TEKİRDAĞ,UNPAID
8090,Melek,MANİSA,LATE
8091,Özlem,TEKİRDAĞ,UNPAID
8095,Zeynep,ADANA,LATE
8096,Dilek,SAKARYA,UNPAID
8100,Halil,NEVŞEHİR,UNPAID
8101,Furkan,SİNOP,UNPAID
8109,Ahmet,KİLİS,UNPAID
8119,Melek,HAKKARİ,UNPAID
8121,Fadime,ANTALYA,UNPAID
8123,Leyla,AYDIN,UNPAID
8125,Melek,KOCAELİ,LATE
8128,Emre,BURSA,LATE
8135,Adem,SAMSUN,LATE
8136,Hülya,ANTALYA,UNPAID
8137,Metin,IĞDIR,LATE
8138,Metin,ADIYAMAN,LATE
8141,Burak,KARAMAN,UNPAID
7839,Serkan,BATMAN,UNPAID
7843,Meryem,MUĞLA,UNPAID
7844,Osman,ORDU,UNPAID
7847,Ayşegül,TOKAT,LATE
7848,Aysel,BOLU,LATE
7851,Hacer,ARDAHAN,LATE
7853,İsmail,KİLİS,LATE
7854,Aysel,BURDUR,LATE
7855,Elif,ERZURUM,UNPAID
7857,Halil,SAMSUN,UNPAID
7867,Hakan,BATMAN,LATE
7870,Yusuf,MARDİN,LATE
7871,Ramazan,AYDIN,LATE
7872,Hatice,KARAMAN,LATE
7873,Hakan,İZMİR,LATE
7874,Osman,BARTIN,UNPAID
7883,Rabia,KIRKLARELİ,UNPAID
7886,Ahmet,SAKARYA,LATE
7890,Ayşegül,OSMANİYE,LATE
7894,Kadir,KARAMAN,LATE
7895,Leyla,DİYARBAKIR,LATE
7896,Süleyman,ÇANKIRI,UNPAID
7902,Murat,HAKKARİ,LATE
7903,Yağmur,KÜTAHYA,UNPAID
7908,Mehmet,AYDIN,LATE
7910,Yasemin,ISPARTA,LATE
7914,Ayşegül,ORDU,LATE
7917,Fatma,BİLECİK,UNPAID
7918,Tuğba,SAMSUN,UNPAID
7930,Ayşegül,KIRŞEHİR,UNPAID
7933,Ayşegül,NİĞDE,LATE
7935,Mustafa,MUĞLA,UNPAID
7938,Ömer,KARABÜK,UNPAID
7940,Zehra,SAMSUN,LATE
7943,Enes,AYDIN,LATE
7945,Halil,BİTLİS,UNPAID
7946,Dilek,ŞANLIURFA,UNPAID
7951,Hacer,KARAMAN,LATE
7952,Özlem,UŞAK,UNPAID
7953,Emre,SAKARYA,UNPAID
7960,Hasan,KAYSERİ,UNPAID
7961,Osman,MERSİN,UNPAID
7967,Melek,ERZURUM,LATE
7969,Ahmet,KARAMAN,UNPAID
7973,Büşra,BATMAN,UNPAID
7974,Leyla,ADIYAMAN,LATE
7976,Özlem,ERZİNCAN,LATE
7979,Leyla,SİNOP,UNPAID
7982,Yağmur,HATAY,LATE
7986,Merve,KOCAELİ,UNPAID
7684,Hasan,HATAY,UNPAID
7685,Fadime,SİVAS,UNPAID
7686,Yasin,HAKKARİ,UNPAID
7688,Fatih,KARAMAN,UNPAID
7691,Furkan,ŞANLIURFA,UNPAID
7698,Mustafa,BİTLİS,UNPAID
7702,Leyla,SİVAS,LATE
7703,Ali,ÇORUM,LATE
7704,Ramazan,MERSİN,UNPAID
7707,Yağmur,MANİSA,LATE
7710,Burak,İSTANBUL,UNPAID
7714,Merve,ANTALYA,UNPAID
7715,Ayşegül,KOCAELİ,UNPAID
7717,Fatma,ESKİŞEHİR,LATE
7718,Leyla,SİNOP,LATE
7719,Merve,ISPARTA,UNPAID
7720,Dilek,GAZİANTEP,UNPAID
7723,Recep,HATAY,LATE
7724,Fatih,AYDIN,UNPAID
7727,Merve,SAMSUN,UNPAID
7730,Fadime,GİRESUN,LATE
7733,Yasemin,SAMSUN,LATE
7734,Havva,AYDIN,LATE
7735,Hüseyin,SİİRT,UNPAID
7738,Emine,NEVŞEHİR,LATE
7741,Rabia,BARTIN,UNPAID
7745,Yusuf,ISPARTA,UNPAID
7746,Merve,KAHRAMANMARAŞ,UNPAID
7747,Adem,ISPARTA,LATE
7749,Recep,AĞRI,UNPAID
7752,Özlem,ARTVİN,UNPAID
7758,Esra,ORDU,UNPAID
7760,Abdullah,IĞDIR,LATE
7761,Hülya,BURSA,LATE
7764,Aynur,MERSİN,LATE
7767,Melek,SAMSUN,LATE
7772,Fadime,ERZİNCAN,LATE
7774,Sultan,BALIKESİR,UNPAID
7776,Ayşegül,KÜTAHYA,LATE
7778,Ahmet,NİĞDE,UNPAID
7781,Hasan,MARDİN,UNPAID
7782,Hasan,ZONGULDAK,LATE
7789,Meryem,MARDİN,LATE
7791,Yasemin,ISPARTA,LATE
7798,Murat,AFYONKARAHİSAR,UNPAID
7803,Recep,BAYBURT,LATE
7814,Tuğba,YALOVA,UNPAID
7819,Yağmur,MUĞLA,LATE
7822,Serkan,KASTAMONU,UNPAID
7828,Osman,ARTVİN,UNPAID
7519,Melek,MUŞ,LATE
7520,Ömer,ÇORUM,UNPAID
7521,Adem,SİVAS,LATE
7522,Özlem,KONYA,UNPAID
7523,Fadime,KAYSERİ,UNPAID
7534,Hüseyin,AKSARAY,LATE
7537,Hacer,KOCAELİ,LATE
7544,Meryem,ARDAHAN,UNPAID
7548,Leyla,KIRKLARELİ,LATE
7552,Yasin,ESKİŞEHİR,UNPAID
7556,Havva,ARTVİN,LATE
7557,Ali,İSTANBUL,UNPAID
7560,Hacer,ERZİNCAN,LATE
7561,Ramazan,TEKİRDAĞ,LATE
7563,Yasin,ARDAHAN,LATE
7571,Adem,BOLU,LATE
7580,Büşra,MUĞLA,LATE
7583,Sultan,ARTVİN,LATE
7584,Murat,TUNCELİ,LATE
7586,Murat,RİZE,UNPAID
7587,Büşra,GÜMÜŞHANE,UNPAID
7593,Fatih,BALIKESİR,UNPAID
7597,Yasemin,EDİRNE,UNPAID
7598,Süleyman,BURDUR,LATE
7599,Leyla,KIRIKKALE,UNPAID
7602,Emine,BATMAN,LATE
7605,Sevim,ÇANAKKALE,LATE
7607,Hülya,BALIKESİR,LATE
7612,Yasemin,KAHRAMANMARAŞ,UNPAID
7616,Aysel,KOCAELİ,LATE
7619,Emine,ÇORUM,LATE
7620,Meryem,BİTLİS,UNPAID
7629,Fatma,NEVŞEHİR,LATE
7630,Mustafa,BİLECİK,UNPAID
7633,Kübra,EDİRNE,UNPAID
7634,Meryem,KAHRAMANMARAŞ,UNPAID
7636,Fatih,KARABÜK,LATE
7637,İbrahim,KASTAMONU,LATE
7641,Burak,MALATYA,UNPAID
7643,Zehra,ANKARA,UNPAID
7644,Rabia,KIRKLARELİ,LATE
7646,Serkan,YOZGAT,UNPAID
7647,Rabia,MUŞ,LATE
7650,Kadir,YALOVA,LATE
7652,Fatma,BALIKESİR,UNPAID
7653,Meryem,ZONGULDAK,LATE
7654,Halil,ANKARA,UNPAID
7656,Yasin,ANTALYA,UNPAID
7666,Mahmut,ERZİNCAN,LATE
7674,Melek,ORDU,LATE
7362,İsmail,ŞANLIURFA,LATE
7363,Recep,ADIYAMAN,LATE
7365,Yusuf,BALIKESİR,UNPAID
7371,Yasemin,ŞANLIURFA,LATE
7373,Sevim,SAKARYA,LATE
7376,Mustafa,TRABZON,UNPAID
7390,Mehmet,KARS,LATE
7391,Rabia,VAN,LATE
7396,Yasemin,MANİSA,UNPAID
7397,Hülya,KÜTAHYA,UNPAID
7399,Dilek,MUŞ,UNPAID
7401,Sultan,ELAZIĞ,UNPAID
7402,Leyla,KASTAMONU,UNPAID
7405,Fatma,ANKARA,UNPAID
7409,Kadir,BAYBURT,LATE
7414,Fatma,KIRŞEHİR,LATE
7417,Fadime,KIRIKKALE,UNPAID
7418,Havva,HATAY,LATE
7420,Zeynep,BURDUR,LATE
7422,Ali,KOCAELİ,LATE
7423,İsmail,OSMANİYE,LATE
7424,Zeynep,IĞDIR,UNPAID
7430,Sultan,BURSA,LATE
7434,Elif,ORDU,LATE
7440,Aysel,ÇORUM,UNPAID
7447,Hakan,IĞDIR,UNPAID
7455,Sultan,ERZİNCAN,LATE
7460,Sevim,IĞDIR,LATE
7461,Halil,KIRIKKALE,UNPAID
7463,Hacer,TOKAT,UNPAID
7465,Melek,İZMİR,UNPAID
7466,Yasemin,UŞAK,LATE
7469,Osman,RİZE,LATE
7470,Havva,DİYARBAKIR,LATE
7471,Yasemin,TOKAT,UNPAID
7475,Fadime,SİİRT,LATE
7484,Serkan,DİYARBAKIR,LATE
7486,Aysel,ANTALYA,LATE
7488,Abdullah,MARDİN,UNPAID
7491,Osman,KIRKLARELİ,LATE
7498,Rabia,ÇANKIRI,UNPAID
7503,Ayşe,HATAY,LATE
7508,Yasemin,TOKAT,LATE
7514,Rabia,SİVAS,UNPAID
7205,Aysel,BİTLİS,UNPAID
7214,Merve,ARTVİN,UNPAID
7221,İsmail,RİZE,UNPAID
7226,Dilek,ERZURUM,UNPAID
7227,Yusuf,NİĞDE,UNPAID
7228,Yasin,KOCAELİ,LATE
7230,Havva,ÇORUM,LATE
7232,Havva,KAYSERİ,UNPAID
7235,Ayşegül,MUĞLA,UNPAID
7241,Yağmur,ARDAHAN,UNPAID
7243,Furkan,ESKİŞEHİR,LATE
7245,Osman,ŞANLIURFA,LATE
7256,Leyla,RİZE,LATE
7261,Yağmur,ÇANAKKALE,UNPAID
7262,Süleyman,GİRESUN,LATE
7266,Serkan,UŞAK,UNPAID
7268,Leyla,AMASYA,UNPAID
7274,Yasin,ÇANKIRI,UNPAID
7276,Burak,ÇANKIRI,UNPAID
7277,İsmail,AKSARAY,LATE
7279,Recep,ELAZIĞ,UNPAID
7282,Ayşe,KIRIKKALE,LATE
7288,Sultan,TEKİRDAĞ,UNPAID
7293,Adem,TUNCELİ,UNPAID
7305,Ramazan,KIRIKKALE,LATE
7313,Fatma,DENİZLİ,LATE
7318,Dilek,ESKİŞEHİR,LATE
7323,Havva,KARABÜK,UNPAID
7325,Yusuf,BURSA,LATE
7333,Yasemin,KÜTAHYA,LATE
7334,Kübra,DENİZLİ,LATE
7336,Zehra,KAHRAMANMARAŞ,LATE
7337,Serkan,NİĞDE,UNPAID
7343,Emre,MUŞ,LATE
7346,Osman,MUŞ,LATE
7347,Esra,BOLU,UNPAID
7348,Abdullah,NİĞDE,UNPAID
7349,Serkan,ARDAHAN,LATE
7352,Ayşe,AĞRI,LATE
7358,Adem,ŞANLIURFA,UNPAID
7045,Yasin,KARS,UNPAID
7047,Enes,ISPARTA,UNPAID
7058,Enes,ÇANAKKALE,UNPAID
7060,Fatma,SAKARYA,UNPAID
7062,Büşra,MERSİN,UNPAID
7063,Fadime,DÜZCE,LATE
7064,Kadir,MANİSA,LATE
7065,Serkan,OSMANİYE,LATE
7069,Ali,MANİSA,UNPAID
7071,Aynur,NEVŞEHİR,LATE
7074,Songül,KÜTAHYA,UNPAID
7076,Mustafa,SİNOP,LATE
7085,Tuğba,GİRESUN,UNPAID
7086,Süleyman,GİRESUN,LATE
7088,Yasin,BURDUR,LATE
7089,Yasemin,GİRESUN,UNPAID
7092,Zehra,KARAMAN,UNPAID
7094,Rabia,ORDU,UNPAID
7099,Rabia,ŞIRNAK,UNPAID
7101,Adem,GAZİANTEP,LATE
7102,Mustafa,OSMANİYE,LATE
7106,Metin,SAKARYA,UNPAID
7108,Zeynep,TOKAT,UNPAID
7110,Ramazan,KAHRAMANMARAŞ,UNPAID
7112,Yusuf,KARAMAN,LATE
7118,Hacer,KOCAELİ,LATE
7119,Hacer,BİLECİK,UNPAID
7121,Ahmet,KONYA,LATE
7122,Ömer,IĞDIR,UNPAID
7124,Sevim,BİLECİK,LATE
7125,Hülya,ZONGULDAK,UNPAID
7131,Songül,RİZE,LATE
7135,Mehmet,SAKARYA,UNPAID
7137,Metin,ŞIRNAK,UNPAID
7138,Hacer,BİNGÖL,LATE
7139,Abdullah,MUŞ,LATE
7140,Havva,BİLECİK,UNPAID
7141,Tuğba,VAN,UNPAID
7145,Murat,AKSARAY,UNPAID
7146,Melek,EDİRNE,LATE
7147,Ayşegül,ESKİŞEHİR,LATE
7148,Kübra,ESKİŞEHİR,LATE
7153,Sultan,SİVAS,LATE
7154,Metin,SAMSUN,LATE
7156,Süleyman,MERSİN,UNPAID
7159,Emine,OSMANİYE,UNPAID
7161,Abdullah,ÇORUM,LATE
7173,Elif,SAMSUN,LATE
7174,Hakan,DÜZCE,UNPAID
7177,Fatih,AYDIN,LATE
7181,Hasan,SAKARYA,LATE
7189,Yasin,MUŞ,UNPAID
7195,Sevim,DİYARBAKIR,UNPAID
7197,Adem,EDİRNE,UNPAID
6900,Zehra,BURDUR,UNPAID
6904,Abdullah,IĞDIR,UNPAID
6905,Hasan,HATAY,UNPAID
6908,Meryem,KAHRAMANMARAŞ,LATE
6909,Emre,KIRŞEHİR,UNPAID
6912,Ahmet,ESKİŞEHİR,LATE
6915,İsmail,İSTANBUL,LATE
6923,Meryem,KONYA,LATE
6931,Sultan,SAMSUN,UNPAID
6932,Yasin,SİNOP,LATE
6934,Süleyman,ÇANAKKALE,LATE
6936,Murat,NİĞDE,UNPAID
6945,Mehmet,ERZİNCAN,LATE
6948,Büşra,MUŞ,LATE
6949,Elif,KAHRAMANMARAŞ,LATE
6952,Yusuf,VAN,LATE
6955,Melek,SİVAS,LATE
6960,Fatih,KIRŞEHİR,UNPAID
6961,Fadime,KARAMAN,LATE
6964,Meryem,KIRKLARELİ,UNPAID
6969,Enes,GÜMÜŞHANE,LATE
6975,Büşra,KIRKLARELİ,UNPAID
6976,Büşra,MANİSA,UNPAID
6977,Fatma,KÜTAHYA,LATE
6986,Ahmet,BALIKESİR,LATE
6988,Osman,GÜMÜŞHANE,LATE
6992,Süleyman,NİĞDE,UNPAID
6994,Hülya,BOLU,UNPAID
6996,Süleyman,SİVAS,UNPAID
7004,Aynur,UŞAK,LATE
7009,Süleyman,GAZİANTEP,LATE
7010,Emine,AMASYA,UNPAID
7011,Adem,SİNOP,UNPAID
7016,Aysel,KIRIKKALE,UNPAID
7017,Murat,TOKAT,LATE
7023,Ömer,ŞIRNAK,UNPAID
7026,Abdullah,KASTAMONU,UNPAID
7033,Kadir,SAKARYA,UNPAID
7035,Meryem,BAYBURT,UNPAID
7043,Recep,KAYSERİ,UNPAID
7044,Yağmur,GİRESUN,LATE
6737,Hatice,MUĞLA,UNPAID
6738,Ayşe,KOCAELİ,LATE
6739,Osman,ÇORUM,LATE
6741,Halil,KÜTAHYA,UNPAID
6742,Zeynep,BALIKESİR,UNPAID
6743,Melek,OSMANİYE,UNPAID
6747,Osman,YALOVA,UNPAID
6748,Ömer,KARAMAN,UNPAID
6750,Kadir,NEVŞEHİR,UNPAID
6752,Aysel,KIRŞEHİR,LATE
6754,Ahmet,GÜMÜŞHANE,LATE
6755,İbrahim,ADIYAMAN,LATE
6757,Mahmut,HATAY,UNPAID
6758,Fadime,DENİZLİ,UNPAID
6761,Havva,DENİZLİ,UNPAID
6781,Ayşe,SİNOP,LATE
6784,Halil,İSTANBUL,LATE
6787,Hakan,EDİRNE,UNPAID
6788,Metin,DİYARBAKIR,LATE
6790,Burak,MUŞ,UNPAID
6794,Furkan,OSMANİYE,UNPAID
6798,Melek,ORDU,UNPAID
6805,Fatma,GİRESUN,LATE
6809,Zeynep,MUĞLA,LATE
6813,Halil,KÜTAHYA,LATE
6816,Dilek,OSMANİYE,LATE
6819,Yasin,BAYBURT,LATE
6822,Meryem,SAMSUN,LATE
6829,Meryem,MALATYA,LATE
6832,Mehmet,ERZİNCAN,LATE
6833,Recep,AFYONKARAHİSAR,LATE
6842,Hakan,MANİSA,LATE
6843,Yasemin,ARDAHAN,UNPAID
6847,Kübra,KASTAMONU,LATE
6850,İbrahim,NEVŞEHİR,UNPAID
6854,Yağmur,KARABÜK,UNPAID
6855,Rabia,BOLU,LATE
6857,Zehra,DÜZCE,LATE
6860,Leyla,DİYARBAKIR,LATE
6861,Meryem,SAMSUN,UNPAID
6864,Merve,KÜTAHYA,UNPAID
6868,Yusuf,KIRKLARELİ,LATE
6871,Ayşe,BURSA,UNPAID
6883,Osman,GAZİANTEP,UNPAID
6580,Murat,ÇORUM,UNPAID
6581,Özlem,ANKARA,LATE
6582,Yağmur,TUNCELİ,UNPAID
6585,Enes,BAYBURT,UNPAID
6589,Mehmet,BİNGÖL,UNPAID
6594,Sultan,TRABZON,LATE
6595,Kadir,BARTIN,LATE
6596,Aysel,KIRŞEHİR,LATE
6597,Adem,ANTALYA,UNPAID
6601,Fadime,HATAY,UNPAID
6602,Ramazan,ELAZIĞ,UNPAID
6605,Abdullah,DİYARBAKIR,LATE
6606,Ayşegül,ERZİNCAN,LATE
6612,Enes,ANKARA,UNPAID
6613,Abdullah,KIRIKKALE,UNPAID
6614,Büşra,İSTANBUL,UNPAID
6618,Sultan,HATAY,UNPAID
6625,Esra,SAMSUN,UNPAID
6626,Mustafa,ADIYAMAN,LATE
6628,Murat,SİVAS,LATE
6629,Muhammed,SAKARYA,LATE
6645,Songül,ELAZIĞ,UNPAID
6646,İbrahim,HAKKARİ,UNPAID
6648,Songül,BİTLİS,UNPAID
6652,Ahmet,TUNCELİ,UNPAID
6653,Emre,BİLECİK,LATE
6654,Fatma,ANKARA,LATE
6655,Süleyman,MARDİN,LATE
6656,Murat,DÜZCE,LATE
6658,Melek,KAHRAMANMARAŞ,UNPAID
6661,İsmail,AMASYA,LATE
6666,Recep,YALOVA,UNPAID
6667,Yasin,KONYA,UNPAID
6672,Esra,KIRŞEHİR,UNPAID
6673,Emine,MANİSA,UNPAID
6676,Fatih,ADANA,UNPAID
6679,Esra,AMASYA,UNPAID
6681,Hasan,KİLİS,LATE
6690,Hacer,ERZİNCAN,LATE
6691,Rabia,ISPARTA,UNPAID
6692,Hülya,MANİSA,UNPAID
6694,Kadir,UŞAK,LATE
6696,Dilek,BİLECİK,LATE
6697,Osman,DENİZLİ,UNPAID
6698,Leyla,DÜZCE,LATE
6705,Özlem,KİLİS,UNPAID
6708,Ayşe,BALIKESİR,LATE
6714,Fadime,KIRŞEHİR,UNPAID
6715,Emre,KAYSERİ,LATE
6717,Recep,BURDUR,LATE
6718,Murat,ANTALYA,LATE
6719,Yasin,BALIKESİR,LATE
6725,Burak,RİZE,LATE
6732,Hakan,MUŞ,UNPAID
6427,Aysel,ANKARA,LATE
6431,Aysel,ELAZIĞ,LATE
6433,Osman,ISPARTA,UNPAID
6434,Osman,BOLU,LATE
6436,Ahmet,ELAZIĞ,UNPAID
6437,Fatma,KASTAMONU,UNPAID
6438,Metin,TEKİRDAĞ,UNPAID
6441,Hatice,ADIYAMAN,UNPAID
6446,Hülya,ISPARTA,LATE
6449,Hatice,BİLECİK,UNPAID
6450,Ayşe,ARDAHAN,UNPAID
6452,Kadir,MARDİN,UNPAID
6460,Osman,MUŞ,UNPAID
6462,Hacer,MARDİN,LATE
6464,Aysel,ERZURUM,UNPAID
6466,Serkan,EDİRNE,LATE
6468,Esra,ÇORUM,UNPAID
6470,İsmail,EDİRNE,UNPAID
6471,Zehra,KASTAMONU,UNPAID
6473,Ramazan,KASTAMONU,UNPAID
6482,Aynur,GAZİANTEP,LATE
6486,Zehra,ARDAHAN,LATE
6488,Sultan,ARTVİN,UNPAID
6497,Aynur,MUĞLA,LATE
6498,Hasan,BOLU,UNPAID
6499,Serkan,İSTANBUL,LATE
6502,Zeynep,KIRKLARELİ,LATE
6503,Emine,YALOVA,LATE
6507,Recep,MUŞ,UNPAID
6511,Hakan,KASTAMONU,LATE
6512,Recep,KAHRAMANMARAŞ,UNPAID
6523,Fadime,DİYARBAKIR,UNPAID
6527,Osman,BATMAN,UNPAID
6529,Adem,ORDU,UNPAID
6531,Hatice,KARS,UNPAID
6534,Songül,MUĞLA,LATE
6535,Fadime,AFYONKARAHİSAR,LATE
6536,Murat,KARS,LATE
6537,Aynur,KONYA,LATE
6540,Dilek,GÜMÜŞHANE,UNPAID
6546,İbrahim,AYDIN,LATE
6548,Songül,ADANA,LATE
6554,Recep,ŞIRNAK,UNPAID
6556,Yasemin,BİNGÖL,LATE
6558,Özlem,KARS,LATE
6563,Ali,ADANA,UNPAID
6569,Zehra,ADIYAMAN,UNPAID
6264,Ayşe,BARTIN,LATE
6270,Hülya,VAN,UNPAID
6276,Ramazan,KOCAELİ,UNPAID
6278,Osman,NİĞDE,LATE
6280,Mustafa,YALOVA,UNPAID
6281,Fatma,TUNCELİ,UNPAID
6283,Ali,HATAY,UNPAID
6285,Songül,BURDUR,UNPAID
6297,Ali,NEVŞEHİR,UNPAID
6304,Yusuf,SİNOP,LATE
6306,Murat,SİNOP,UNPAID
6307,Leyla,BİNGÖL,UNPAID
6313,Burak,OSMANİYE,UNPAID
6318,Hasan,AKSARAY,UNPAID
6325,Ramazan,AĞRI,LATE
6326,Yağmur,SİVAS,LATE
6327,Süleyman,TEKİRDAĞ,UNPAID
6328,Sevim,AYDIN,UNPAID
6331,Yasemin,ŞIRNAK,LATE
6337,Mehmet,KIRŞEHİR,UNPAID
6341,Furkan,İSTANBUL,UNPAID
6347,Aysel,KIRŞEHİR,UNPAID
6350,Hatice,ÇANKIRI,LATE
6352,Fatih,KAYSERİ,LATE
6369,Halil,KOCAELİ,LATE
6371,Enes,ZONGULDAK,LATE
6377,Adem,HATAY,LATE
6378,Sultan,KARS,UNPAID
6381,Sevim,BOLU,LATE
6382,Esra,UŞAK,LATE
6388,Murat,ÇANAKKALE,LATE
6391,Leyla,ERZİNCAN,LATE
6399,Yasemin,BATMAN,UNPAID
6402,Songül,ÇANAKKALE,LATE
6404,Recep,TUNCELİ,UNPAID
6407,Mustafa,KIRŞEHİR,UNPAID
6416,Emre,BİNGÖL,LATE
6112,Sevim,ORDU,UNPAID
6113,Merve,KAYSERİ,LATE
6118,Hüseyin,ANTALYA,UNPAID
6120,Havva,BİNGÖL,LATE
6121,Hüseyin,MANİSA,LATE
6122,Recep,ORDU,UNPAID
6126,Havva,AKSARAY,UNPAID
6128,Hatice,ORDU,LATE
6151,Muhammed,ÇORUM,UNPAID
6154,Esra,AYDIN,LATE
6163,Fatih,KIRŞEHİR,LATE
6168,Fatih,BALIKESİR,UNPAID
6169,Fatma,ARTVİN,UNPAID
6171,Recep,TEKİRDAĞ,LATE
6173,Yağmur,KAHRAMANMARAŞ,LATE
6174,Melek,HATAY,LATE
6177,Ahmet,EDİRNE,UNPAID
6179,Rabia,AĞRI,LATE
6180,Ayşegül,KİLİS,UNPAID
6183,Songül,MANİSA,LATE
6190,İbrahim,TOKAT,LATE
6191,İsmail,KASTAMONU,UNPAID
6197,Yusuf,ŞANLIURFA,LATE
6199,Ali,ISPARTA,UNPAID
6200,Büşra,ISPARTA,UNPAID
6208,Fadime,BARTIN,LATE
6210,Hakan,HAKKARİ,UNPAID
6211,Elif,OSMANİYE,LATE
6214,Yağmur,ELAZIĞ,UNPAID
6216,Hacer,KİLİS,LATE
6227,Meryem,UŞAK,LATE
6229,Leyla,BİTLİS,UNPAID
6233,Kadir,ERZURUM,LATE
6235,Meryem,AĞRI,LATE
6237,Hacer,TRABZON,LATE
6238,Büşra,HATAY,UNPAID
6242,Serkan,VAN,UNPAID
6244,Aysel,DÜZCE,LATE
6249,Emre,OSMANİYE,LATE
6256,Abdullah,TEKİRDAĞ,LATE
6258,Murat,ÇANAKKALE,LATE
6261,Zehra,NİĞDE,LATE
5957,Emre,ADIYAMAN,UNPAID
5959,Mustafa,KONYA,LATE
5962,Ömer,MARDİN,LATE
5969,Furkan,UŞAK,UNPAID
5972,Ahmet,KAYSERİ,UNPAID
5979,Yasin,KIRŞEHİR,LATE
5984,Enes,DİYARBAKIR,UNPAID
5985,Esra,KIRIKKALE,UNPAID
5991,Süleyman,KOCAELİ,LATE
5992,Fadime,SAMSUN,LATE
5994,Meryem,BOLU,LATE
5999,Sevim,BURSA,UNPAID
6000,Fatih,KIRKLARELİ,UNPAID
6001,Özlem,ERZİNCAN,UNPAID
6005,Havva,ŞIRNAK,UNPAID
6006,Kübra,TOKAT,LATE
6009,Enes,KIRŞEHİR,UNPAID
6013,Hakan,DÜZCE,UNPAID
6024,Ali,ŞANLIURFA,LATE
6027,Fadime,ESKİŞEHİR,LATE
6028,Mustafa,SİVAS,UNPAID
6035,Recep,BURDUR,LATE
6042,Zeynep,YALOVA,UNPAID
6049,Hatice,BURDUR,LATE
6052,Fadime,EDİRNE,LATE
6054,Kübra,ADIYAMAN,LATE
6058,Büşra,KAHRAMANMARAŞ,UNPAID
6063,Kübra,BİLECİK,UNPAID
6066,Fadime,IĞDIR,UNPAID
6070,Adem,KASTAMONU,LATE
6071,Sevim,TOKAT,LATE
6072,Enes,YOZGAT,LATE
6075,Emine,BİLECİK,UNPAID
6078,Metin,KAHRAMANMARAŞ,UNPAID
6087,Enes,ORDU,UNPAID
6089,Aynur,YOZGAT,UNPAID
6092,Emre,SİVAS,LATE
6095,Recep,MERSİN,UNPAID
6097,Zeynep,VAN,UNPAID
6099,Emre,MARDİN,UNPAID
6101,Esra,DİYARBAKIR,LATE
6104,Rabia,DİYARBAKIR,LATE
6107,Tuğba,KAHRAMANMARAŞ,UNPAID
5796,Fatih,MUĞLA,UNPAID
5797,Özlem,DENİZLİ,LATE
5798,Hakan,ÇORUM,LATE
5800,Ömer,GİRESUN,UNPAID
5807,Abdullah,MUŞ,LATE
5809,Yasin,NEVŞEHİR,LATE
5816,Recep,MUĞLA,LATE
5819,Mahmut,BURDUR,UNPAID
5824,Songül,YOZGAT,LATE
5825,Hacer,İZMİR,UNPAID
5827,Mehmet,ÇANKIRI,LATE
5833,Hakan,KARAMAN,LATE
5840,Rabia,KAHRAMANMARAŞ,UNPAID
5841,Ayşegül,ANTALYA,LATE
5848,Özlem,YOZGAT,UNPAID
5855,Ahmet,ARDAHAN,LATE
5856,Kadir,SİİRT,LATE
5858,Yasin,ORDU,UNPAID
5866,Serkan,DENİZLİ,UNPAID
5867,Halil,ELAZIĞ,LATE
5870,Ramazan,ÇANAKKALE,UNPAID
5875,Yusuf,KİLİS,LATE
5877,Yağmur,ADIYAMAN,LATE
5879,Havva,BALIKESİR,UNPAID
5881,Murat,KAYSERİ,LATE
5887,Emre,BURSA,UNPAID
5888,Yağmur,MUŞ,LATE
5889,Kadir,BURDUR,UNPAID
5892,Fatma,ŞIRNAK,UNPAID
5894,Kadir,ARTVİN,UNPAID
5895,Osman,KARABÜK,LATE
5904,Büşra,UŞAK,UNPAID
5907,Serkan,ORDU,LATE
5908,Mahmut,ÇORUM,LATE
5909,Emine,UŞAK,UNPAID
5910,Yasemin,SİNOP,UNPAID
5912,Yasemin,KARABÜK,UNPAID
5920,Kadir,ARTVİN,LATE
5925,Hacer,SİİRT,LATE
5928,Aysel,BATMAN,UNPAID
5929,Serkan,KARS,UNPAID
5931,Ayşegül,MALATYA,LATE
5934,Aynur,ERZURUM,UNPAID
5936,Yağmur,KIRIKKALE,LATE
5937,Yusuf,ARTVİN,LATE
5946,Ömer,ESKİŞEHİR,UNPAID
5948,Dilek,ISPARTA,LATE
5643,Merve,KIRŞEHİR,LATE
5647,Mehmet,ERZİNCAN,LATE
5650,Leyla,İZMİR,LATE
5654,Ahmet,ANTALYA,LATE
5658,Sevim,KASTAMONU,LATE
5662,Merve,SİVAS,LATE
5667,Rabia,DENİZLİ,LATE
5669,Esra,BİTLİS,LATE
5677,Recep,ISPARTA,UNPAID
5678,Sultan,İZMİR,LATE
5682,Kadir,AĞRI,LATE
5685,Burak,EDİRNE,UNPAID
5692,Aynur,BURSA,UNPAID
5694,Mahmut,SİVAS,LATE
5699,Halil,HAKKARİ,LATE
5702,Leyla,KIRŞEHİR,LATE
5704,Leyla,İSTANBUL,LATE
5705,Hacer,TRABZON,LATE
5706,Hatice,ERZİNCAN,UNPAID
5707,Aysel,SİNOP,LATE
5713,Aynur,SAMSUN,LATE
5715,Yusuf,ÇORUM,LATE
5720,Sevim,YOZGAT,LATE
5722,Mustafa,DİYARBAKIR,LATE
5723,Hasan,BARTIN,UNPAID
5724,Mustafa,VAN,UNPAID
5726,Enes,NEVŞEHİR,LATE
5728,Kadir,DÜZCE,UNPAID
5729,Meryem,BİNGÖL,LATE
5731,Kübra,KIRKLARELİ,UNPAID
5732,Dilek,SAMSUN,LATE
5735,Hasan,ERZURUM,LATE
5740,Tuğba,SİNOP,UNPAID
5742,Enes,GİRESUN,UNPAID
5751,Serkan,RİZE,UNPAID
5764,Yağmur,TUNCELİ,UNPAID
5765,Osman,KONYA,LATE
5773,Havva,ANTALYA,LATE
5785,Ayşe,HATAY,LATE
5787,Yağmur,AYDIN,UNPAID
5790,Zehra,ADIYAMAN,LATE
5792,Hacer,KAHRAMANMARAŞ,LATE
5482,İsmail,BOLU,UNPAID
5484,Zehra,ZONGULDAK,LATE
5485,İsmail,ERZURUM,LATE
5488,Hacer,ÇANAKKALE,LATE
5491,Fatih,BİNGÖL,LATE
5495,Özlem,İSTANBUL,LATE
5496,Yasemin,BATMAN,UNPAID
5497,Ayşegül,AYDIN,LATE
5498,Zehra,SİİRT,UNPAID
5499,Büşra,TOKAT,UNPAID
5501,Ayşegül,BİLECİK,UNPAID
5504,Merve,KARS,LATE
5509,Enes,MALATYA,UNPAID
5510,Ömer,DÜZCE,LATE
5512,Adem,MERSİN,LATE
5521,Elif,GÜMÜŞHANE,UNPAID
5522,Rabia,MARDİN,LATE
5523,Leyla,TOKAT,UNPAID
5526,Özlem,MUĞLA,LATE
5528,Rabia,BİNGÖL,UNPAID
5529,Burak,KAYSERİ,LATE
5533,Sultan,ANKARA,LATE
5535,Hüseyin,KIRŞEHİR,UNPAID
5540,Elif,AFYONKARAHİSAR,UNPAID
5545,Halil,BAYBURT,UNPAID
5549,Ahmet,ESKİŞEHİR,UNPAID
5551,Rabia,GÜMÜŞHANE,LATE
5556,Süleyman,ARTVİN,UNPAID
5560,Yasemin,KIRIKKALE,LATE
5566,Dilek,BURDUR,UNPAID
5568,Mahmut,ADANA,UNPAID
5578,Yasemin,ELAZIĞ,UNPAID
5579,Leyla,BALIKESİR,LATE
5584,Sevim,ESKİŞEHİR,UNPAID
5588,Adem,AKSARAY,LATE
5591,Melek,NEVŞEHİR,UNPAID
5592,Muhammed,KIRIKKALE,LATE
5594,Abdullah,ERZİNCAN,LATE
5595,Melek,TRABZON,LATE
5596,Enes,ISPARTA,UNPAID
5600,Sevim,KAYSERİ,UNPAID
5604,Fatih,BİLECİK,UNPAID
5606,Hasan,KÜTAHYA,UNPAID
5608,Zehra,KARABÜK,LATE
5609,Kadir,ISPARTA,UNPAID
5612,Hülya,SİVAS,UNPAID
5614,Aysel,HAKKARİ,LATE
5617,Yasin,MUŞ,UNPAID
5624,Yağmur,AKSARAY,UNPAID
5625,Fadime,SİVAS,LATE
5627,Meryem,İSTANBUL,LATE
5634,Rabia,DİYARBAKIR,UNPAID
5325,Serkan,KÜTAHYA,LATE
5328,İbrahim,GÜMÜŞHANE,LATE
5334,Rabia,ÇORUM,LATE
5338,Hakan,SİİRT,LATE
5339,Adem,KARS,UNPAID
5341,Recep,KIRIKKALE,LATE
5343,Emre,SAMSUN,UNPAID
5346,Dilek,ERZİNCAN,UNPAID
5350,Serkan,NİĞDE,LATE
5353,Burak,RİZE,UNPAID
5355,Kübra,ERZURUM,LATE
5360,Enes,KIRŞEHİR,UNPAID
5364,Aynur,TUNCELİ,LATE
5366,Ayşegül,AYDIN,UNPAID
5367,Özlem,UŞAK,UNPAID
5368,Osman,ARDAHAN,UNPAID
5370,İbrahim,DİYARBAKIR,LATE
5371,Murat,ARTVİN,UNPAID
5374,Hülya,KIRŞEHİR,LATE
5375,Tuğba,UŞAK,UNPAID
5382,Adem,RİZE,LATE
5384,Dilek,SİNOP,UNPAID
5386,Melek,TRABZON,UNPAID
5387,Hatice,RİZE,UNPAID
5391,Yağmur,ERZİNCAN,UNPAID
5394,Büşra,BAYBURT,UNPAID
5402,Recep,ANTALYA,LATE
5403,Rabia,ISPARTA,UNPAID
5406,Sultan,KIRKLARELİ,LATE
5408,Kadir,KAYSERİ,LATE
5411,Fatih,ERZURUM,LATE
5416,Aysel,BOLU,LATE
5428,Yasin,EDİRNE,UNPAID
5429,Sultan,YALOVA,UNPAID
5433,Sevim,KAHRAMANMARAŞ,LATE
5439,Osman,IĞDIR,LATE
5442,Adem,BİLECİK,UNPAID
5444,Hülya,KARAMAN,UNPAID
5449,Leyla,KIRIKKALE,LATE
5454,Hülya,ANKARA,LATE
5464,Emre,ERZURUM,LATE
5466,İbrahim,AFYONKARAHİSAR,LATE
5467,Serkan,TRABZON,LATE
5472,Ömer,MUĞLA,UNPAID
5475,Emre,BURSA,LATE
5479,Melek,ÇANAKKALE,UNPAID
5480,Hasan,BİNGÖL,LATE
5168,Osman,KAYSERİ,LATE
5169,Yağmur,HATAY,LATE
5171,Dilek,TRABZON,UNPAID
5172,Fatma,BURSA,UNPAID
5173,Merve,BİLECİK,LATE
5182,Tuğba,ANTALYA,LATE
5183,Hüseyin,ERZURUM,UNPAID
5184,Fadime,TUNCELİ,UNPAID
5185,Hakan,AKSARAY,UNPAID
5189,Osman,ADANA,UNPAID
5191,Emine,BATMAN,UNPAID
5192,Meryem,DÜZCE,LATE
5193,Ramazan,HATAY,LATE
5196,Fadime,NİĞDE,LATE
5202,Muhammed,ERZİNCAN,LATE
5203,Furkan,ADIYAMAN,UNPAID
5204,Hacer,ŞANLIURFA,LATE
5206,Sevim,İZMİR,LATE
5207,Mustafa,ADANA,LATE
5217,Songül,ERZURUM,UNPAID
5221,Emine,BATMAN,UNPAID
5223,Adem,ERZURUM,UNPAID
5225,Hatice,KIRŞEHİR,UNPAID
5232,Fadime,TEKİRDAĞ,UNPAID
5235,Özlem,ADANA,UNPAID
5239,Serkan,ISPARTA,LATE
5250,Yasemin,KARAMAN,LATE
5253,Serkan,KASTAMONU,UNPAID
5255,Elif,SAMSUN,UNPAID
5256,İsmail,TOKAT,LATE
5259,Sevim,ANTALYA,LATE
5263,Enes,HAKKARİ,UNPAID
5264,Süleyman,KAHRAMANMARAŞ,UNPAID
5265,Kübra,YOZGAT,LATE
5270,Fatma,TUNCELİ,UNPAID
5272,Süleyman,BİNGÖL,UNPAID
5275,Aysel,ADIYAMAN,LATE
5279,Süleyman,ARTVİN,LATE
5285,Yağmur,GÜMÜŞHANE,UNPAID
5290,Elif,SİİRT,UNPAID
5295,Murat,KAYSERİ,UNPAID
5297,Büşra,VAN,LATE
5299,Ömer,DÜZCE,UNPAID
5314,Dilek,KAYSERİ,LATE
5316,Merve,MUŞ,UNPAID
5324,Murat,ŞIRNAK,LATE
5013,Yasemin,ŞANLIURFA,LATE
5015,Sevim,BİNGÖL,UNPAID
5016,Hülya,UŞAK,UNPAID
5023,Recep,NEVŞEHİR,LATE
5028,Sultan,KIRIKKALE,LATE
5031,Ramazan,GAZİANTEP,UNPAID
5032,Yağmur,BİTLİS,UNPAID
5036,Emine,ORDU,LATE
5037,Emine,SİNOP,LATE
5038,İbrahim,AKSARAY,UNPAID
5041,Kübra,ORDU,UNPAID
5042,Abdullah,ARTVİN,LATE
5052,Elif,AKSARAY,LATE
5054,Havva,BURDUR,LATE
5058,Yağmur,BURDUR,UNPAID
5061,Kübra,SİNOP,UNPAID
5068,Zehra,TRABZON,UNPAID
5069,Songül,ZONGULDAK,UNPAID
5075,Meryem,ESKİŞEHİR,UNPAID
5076,Aynur,MANİSA,LATE
5078,İbrahim,AYDIN,UNPAID
5082,Fadime,KASTAMONU,LATE
5083,Songül,KAHRAMANMARAŞ,LATE
5087,İsmail,TUNCELİ,LATE
5090,Yağmur,SAMSUN,UNPAID
5094,Hakan,BİNGÖL,UNPAID
5097,Ayşegül,ŞIRNAK,LATE
5098,Enes,ERZURUM,UNPAID
5121,Zehra,NEVŞEHİR,LATE
5122,Emine,İZMİR,UNPAID
5125,Zehra,BALIKESİR,LATE
5134,Hasan,DENİZLİ,LATE
5135,Leyla,SAMSUN,UNPAID
5137,Ali,HAKKARİ,LATE
5141,Kadir,AYDIN,LATE
5142,Havva,TUNCELİ,LATE
5149,Serkan,ZONGULDAK,LATE
5151,Yasemin,BARTIN,LATE
5154,Zehra,KARS,LATE
5156,Fadime,KIRKLARELİ,LATE
5157,Kübra,MARDİN,UNPAID
5163,Fatih,VAN,LATE
5164,Özlem,KAHRAMANMARAŞ,LATE
5165,Kadir,KAHRAMANMARAŞ,LATE
5166,Aysel,İSTANBUL,UNPAID
4856,Ömer,BURDUR,UNPAID
4858,Dilek,EDİRNE,UNPAID
4861,Enes,AYDIN,UNPAID
4866,Hacer,AĞRI,LATE
4867,Süleyman,BURSA,UNPAID
4869,Leyla,ESKİŞEHİR,UNPAID
4870,Hülya,SİVAS,LATE
4879,Yusuf,KARS,LATE
4882,Ayşe,BİLECİK,LATE
4883,Hülya,BURSA,UNPAID
4893,Hasan,ANKARA,LATE
4897,Yasemin,DENİZLİ,UNPAID
4904,Ayşe,TRABZON,UNPAID
4905,Melek,KIRKLARELİ,LATE
4906,Murat,RİZE,UNPAID
4907,Halil,ŞANLIURFA,LATE
4910,Hakan,SİİRT,LATE
4916,Songül,KIRŞEHİR,UNPAID
4919,Yasemin,AFYONKARAHİSAR,UNPAID
4922,Halil,MALATYA,UNPAID
4924,Ahmet,BARTIN,UNPAID
4933,Melek,EDİRNE,UNPAID
4935,Kadir,ANTALYA,UNPAID
4938,Hakan,ISPARTA,LATE
4946,Yasemin,ANTALYA,UNPAID
4948,Hacer,BİTLİS,UNPAID
4949,Özlem,NİĞDE,UNPAID
4951,Osman,HATAY,UNPAID
4960,Hacer,YOZGAT,UNPAID
4961,Hakan,SAMSUN,LATE
4962,Osman,İSTANBUL,LATE
4966,Abdullah,HATAY,LATE
4969,Ali,BATMAN,UNPAID
4971,Hakan,KARABÜK,UNPAID
4982,Adem,SİİRT,LATE
4985,Dilek,ISPARTA,UNPAID
4987,Hakan,VAN,UNPAID
4993,Hacer,ADANA,LATE
4995,Yasemin,MUŞ,UNPAID
5001,Ali,BURSA,LATE
5007,Yasemin,KARAMAN,LATE
5009,Kübra,YALOVA,LATE
5011,Merve,KAYSERİ,UNPAID
4706,Murat,OSMANİYE,LATE
4714,Fatih,KIRIKKALE,UNPAID
4718,Havva,KAYSERİ,UNPAID
4721,Yusuf,KIRKLARELİ,UNPAID
4724,Yağmur,TRABZON,LATE
4726,Recep,BURSA,UNPAID
4732,Melek,NEVŞEHİR,LATE
4733,Osman,ÇANKIRI,UNPAID
4734,Mustafa,SAMSUN,UNPAID
4740,Furkan,DENİZLİ,LATE
4744,Mahmut,AMASYA,UNPAID
4748,İsmail,MALATYA,UNPAID
4752,Yağmur,HATAY,UNPAID
4753,Merve,BALIKESİR,UNPAID
4755,Kadir,YALOVA,UNPAID
4757,Elif,İSTANBUL,UNPAID
4758,Hülya,KİLİS,LATE
4759,Murat,BAYBURT,UNPAID
4771,Abdullah,MANİSA,UNPAID
4773,Kübra,KİLİS,UNPAID
4775,Kadir,AFYONKARAHİSAR,LATE
4779,Büşra,KIRKLARELİ,UNPAID
4793,Merve,ARTVİN,LATE
4797,Rabia,VAN,LATE
4798,Aynur,ÇANKIRI,LATE
4800,Süleyman,ELAZIĞ,UNPAID
4802,Esra,ESKİŞEHİR,LATE
4805,Esra,AYDIN,UNPAID
4811,Hacer,ANTALYA,UNPAID
4813,Hasan,ADANA,UNPAID
4817,Büşra,ZONGULDAK,UNPAID
4818,Ömer,OSMANİYE,LATE
4820,Metin,UŞAK,LATE
4823,Zehra,ERZURUM,LATE
4828,Murat,BURDUR,LATE
4830,Ömer,AYDIN,UNPAID
4835,Mustafa,HATAY,LATE
4840,Abdullah,AMASYA,UNPAID
4845,Fatih,KONYA,UNPAID
4846,Fatma,ŞIRNAK,UNPAID
4848,Osman,ŞIRNAK,LATE
4850,Hülya,EDİRNE,UNPAID
4851,Ramazan,ADANA,LATE
4852,Fatih,BATMAN,LATE
4542,Zehra,KARAMAN,UNPAID
4545,Esra,IĞDIR,UNPAID
4548,Rabia,TOKAT,LATE
4553,İbrahim,YOZGAT,UNPAID
4557,Ramazan,BİNGÖL,LATE
4558,Merve,MARDİN,UNPAID
4560,Sultan,KARS,UNPAID
4562,Osman,VAN,UNPAID
4566,Zehra,KIRKLARELİ,UNPAID
4570,Serkan,UŞAK,LATE
4576,Songül,GÜMÜŞHANE,UNPAID
4580,Meryem,KÜTAHYA,UNPAID
4602,Yasin,ZONGULDAK,UNPAID
4603,Osman,ANKARA,UNPAID
4607,İsmail,BİNGÖL,UNPAID
4608,Fatma,ARTVİN,LATE
4612,Muhammed,MUĞLA,UNPAID
4615,Metin,ZONGULDAK,UNPAID
4616,Mustafa,TOKAT,LATE
4620,Yağmur,KOCAELİ,LATE
4628,Recep,ISPARTA,LATE
4633,Fadime,SİVAS,LATE
4639,Melek,MALATYA,UNPAID
4641,Aysel,VAN,UNPAID
4649,Sevim,KONYA,UNPAID
4656,Ramazan,KONYA,LATE
4657,Elif,YALOVA,LATE
4658,Ayşegül,AĞRI,LATE
4662,Emre,ERZURUM,UNPAID
4666,Meryem,ANTALYA,LATE
4667,Meryem,ÇANKIRI,UNPAID
4669,Hatice,KARAMAN,LATE
4676,Sevim,AĞRI,UNPAID
4678,Melek,KARS,UNPAID
4679,Fadime,ADIYAMAN,LATE
4683,Serkan,ELAZIĞ,UNPAID
4684,Aysel,ORDU,UNPAID
4687,Melek,DÜZCE,LATE
4689,Kadir,MARDİN,LATE
4691,Melek,KOCAELİ,LATE
4692,Emre,MARDİN,LATE
4693,Merve,YALOVA,LATE
4695,Yasemin,TEKİRDAĞ,LATE
4697,Merve,AMASYA,LATE
4382,Süleyman,KİLİS,LATE
4385,Havva,KARS,LATE
4388,Ömer,UŞAK,LATE
4396,Ramazan,DİYARBAKIR,LATE
4400,Yasin,SİİRT,LATE
4402,Murat,IĞDIR,UNPAID
4403,Kübra,ÇANAKKALE,LATE
4405,Osman,YALOVA,UNPAID
4413,Fatma,KÜTAHYA,LATE
4421,Adem,TOKAT,LATE
4425,Hacer,MARDİN,LATE
4426,Zeynep,MUŞ,LATE
4429,Sultan,KİLİS,UNPAID
4433,Esra,KIRIKKALE,UNPAID
4435,Yağmur,AFYONKARAHİSAR,LATE
4439,Havva,MALATYA,LATE
4440,Fadime,YOZGAT,LATE
4443,Süleyman,BAYBURT,LATE
4446,Abdullah,KAYSERİ,LATE
4447,Adem,GİRESUN,LATE
4448,Muhammed,KOCAELİ,UNPAID
4449,Fadime,IĞDIR,LATE
4455,Serkan,ARTVİN,LATE
4460,Mehmet,GİRESUN,UNPAID
4463,Dilek,DİYARBAKIR,UNPAID
4465,Enes,SAMSUN,LATE
4473,Yusuf,NEVŞEHİR,UNPAID
4475,Emre,GAZİANTEP,LATE
4477,Dilek,KIRŞEHİR,LATE
4478,Muhammed,NİĞDE,UNPAID
4481,Abdullah,AYDIN,LATE
4483,Abdullah,BOLU,UNPAID
4491,Emre,ISPARTA,UNPAID
4493,Süleyman,KARS,UNPAID
4494,Süleyman,ÇANKIRI,UNPAID
4503,Ahmet,BİNGÖL,LATE
4505,Fatma,EDİRNE,UNPAID
4507,Yağmur,YALOVA,UNPAID
4508,Aysel,BİLECİK,UNPAID
4510,Burak,GAZİANTEP,UNPAID
4512,Fatih,KARABÜK,LATE
4515,Hülya,KARAMAN,UNPAID
4518,Dilek,TOKAT,LATE
4520,Zehra,IĞDIR,UNPAID
4521,Rabia,ORDU,LATE
4525,Fatma,MARDİN,UNPAID
4526,Hülya,ZONGULDAK,UNPAID
4529,Abdullah,MARDİN,LATE
4531,Recep,KARS,UNPAID
4532,Fatma,RİZE,UNPAID
4535,Süleyman,KIRIKKALE,UNPAID
4537,Özlem,İZMİR,UNPAID
4538,Ayşe,AYDIN,LATE
4227,Merve,DÜZCE,UNPAID
4232,Sevim,KIRIKKALE,LATE
4234,Murat,TOKAT,UNPAID
4237,İsmail,GAZİANTEP,UNPAID
4243,Recep,AKSARAY,UNPAID
4247,Fatih,IĞDIR,UNPAID
4253,Hülya,BİTLİS,LATE
4255,Fatma,UŞAK,LATE
4257,Fadime,ŞANLIURFA,UNPAID
4258,Ayşegül,DÜZCE,LATE
4259,Ramazan,AFYONKARAHİSAR,LATE
4266,Abdullah,ZONGULDAK,LATE
4268,Ayşe,TEKİRDAĞ,UNPAID
4274,Kadir,KAHRAMANMARAŞ,UNPAID
4276,Murat,ERZİNCAN,LATE
4279,Ahmet,ŞIRNAK,LATE
4285,Halil,SAMSUN,UNPAID
4290,Ramazan,ŞANLIURFA,LATE
4294,Süleyman,HATAY,UNPAID
4300,Hüseyin,ARDAHAN,LATE
4301,Burak,ANTALYA,UNPAID
4302,Serkan,BİNGÖL,UNPAID
4307,Aysel,VAN,UNPAID
4310,Mahmut,MUŞ,UNPAID
4315,Murat,KASTAMONU,LATE
4322,Ayşe,GAZİANTEP,UNPAID
4323,Kübra,IĞDIR,LATE
4325,Recep,BİLECİK,UNPAID
4327,Hatice,IĞDIR,UNPAID
4332,Merve,GAZİANTEP,UNPAID
4333,Abdullah,GÜMÜŞHANE,UNPAID
4334,Yasemin,ORDU,UNPAID
4342,Ahmet,MARDİN,LATE
4345,Özlem,RİZE,UNPAID
4350,Leyla,SAMSUN,LATE
4351,Dilek,ESKİŞEHİR,UNPAID
4353,Mustafa,VAN,LATE
4355,Yasemin,KARAMAN,LATE
4362,Emine,ÇORUM,LATE
4363,Mustafa,KİLİS,UNPAID
4365,Leyla,BALIKESİR,LATE
4366,Emine,TUNCELİ,LATE
4367,Hakan,MERSİN,UNPAID
4368,Yağmur,KAYSERİ,LATE
4371,Hacer,ISPARTA,LATE
4373,Elif,ÇANKIRI,UNPAID
4375,İbrahim,ARTVİN,LATE
4376,Sevim,SAKARYA,LATE
4378,Yasemin,BARTIN,UNPAID
4379,Ayşe,BURSA,UNPAID
4381,Fatih,KARABÜK,LATE
4068,Kübra,BURDUR,UNPAID
4076,Serkan,UŞAK,LATE
4084,İsmail,BATMAN,UNPAID
4089,Mahmut,DENİZLİ,UNPAID
4094,Mehmet,DENİZLİ,LATE
4096,Fatma,ISPARTA,LATE
4099,Ahmet,ÇANKIRI,UNPAID
4100,Meryem,ADANA,LATE
4102,Yasemin,BİTLİS,LATE
4103,Süleyman,TOKAT,LATE
4110,Esra,ARDAHAN,LATE
4122,Mustafa,TUNCELİ,LATE
4124,Ayşegül,DÜZCE,UNPAID
4127,Ahmet,MARDİN,UNPAID
4133,Yağmur,KOCAELİ,LATE
4137,Havva,TUNCELİ,LATE
4143,Yağmur,NİĞDE,UNPAID
4147,Havva,TEKİRDAĞ,LATE
4152,Aynur,ANTALYA,LATE
4155,Büşra,ELAZIĞ,UNPAID
4158,Hülya,MUĞLA,UNPAID
4161,Enes,MUĞLA,LATE
4162,Zehra,KIRŞEHİR,LATE
4163,Merve,MANİSA,LATE
4166,Muhammed,ERZİNCAN,UNPAID
4167,Sevim,SİİRT,UNPAID
4168,Burak,AKSARAY,UNPAID
4171,Süleyman,MANİSA,UNPAID
4174,Ömer,AMASYA,LATE
4175,Elif,YOZGAT,LATE
4176,Sevim,MUŞ,UNPAID
4181,İbrahim,MALATYA,UNPAID
4184,Ayşe,YOZGAT,UNPAID
4191,Murat,ELAZIĞ,UNPAID
4195,Ahmet,AĞRI,LATE
4202,Kübra,KASTAMONU,LATE
4205,Dilek,YOZGAT,LATE
4207,Zeynep,MUŞ,LATE
4209,Kübra,ÇANAKKALE,LATE
4210,Mehmet,AĞRI,LATE
4213,Elif,MARDİN,UNPAID
4215,Rabia,AKSARAY,LATE
4217,Fatma,ÇANKIRI,LATE
4222,Fadime,ADANA,LATE
4223,Sevim,ISPARTA,UNPAID
4224,Merve,IĞDIR,LATE
3910,Yasemin,ÇANKIRI,LATE
3913,Burak,İSTANBUL,LATE
3914,İbrahim,ANTALYA,LATE
3917,Osman,GÜMÜŞHANE,UNPAID
3922,Furkan,YOZGAT,LATE
3927,Burak,KIRIKKALE,UNPAID
3928,Tuğba,AĞRI,UNPAID
3930,Abdullah,BİLECİK,LATE
3931,Fatih,RİZE,LATE
3934,Hakan,RİZE,UNPAID
3936,Havva,BURSA,LATE
3945,Emine,BİNGÖL,UNPAID
3947,Adem,AMASYA,UNPAID
3949,Meryem,UŞAK,LATE
3952,Emre,BİNGÖL,LATE
3957,Emine,KIRIKKALE,UNPAID
3962,Metin,ÇANAKKALE,UNPAID
3964,Emre,KARAMAN,LATE
3965,Hülya,SAMSUN,UNPAID
3970,Rabia,GÜMÜŞHANE,LATE
3971,Büşra,AYDIN,LATE
3977,Metin,ANTALYA,LATE
3983,Murat,BİNGÖL,LATE
3987,Dilek,ADANA,UNPAID
3988,Sultan,TUNCELİ,UNPAID
3997,Abdullah,İSTANBUL,UNPAID
3999,Fadime,NEVŞEHİR,UNPAID
4000,Meryem,ANKARA,UNPAID
4001,Büşra,İZMİR,UNPAID
4006,Emre,BİLECİK,UNPAID
4008,Dilek,ANTALYA,UNPAID
4015,Hülya,ESKİŞEHİR,LATE
4019,Kadir,BURSA,LATE
4023,Yasin,ISPARTA,LATE
4024,Rabia,ERZURUM,LATE
4031,Hakan,AFYONKARAHİSAR,UNPAID
4034,Sultan,VAN,LATE
4038,Kadir,ANKARA,UNPAID
4043,Dilek,BİNGÖL,UNPAID
4047,Abdullah,KAHRAMANMARAŞ,LATE
4048,Ali,MERSİN,LATE
4051,Furkan,GİRESUN,UNPAID
4061,İbrahim,GÜMÜŞHANE,LATE
4063,Recep,KÜTAHYA,UNPAID
4065,Mustafa,YOZGAT,UNPAID
4066,Ali,MANİSA,LATE
3755,Yağmur,İZMİR,LATE
3757,Büşra,AMASYA,UNPAID
3766,Yasin,SAMSUN,UNPAID
3769,Hasan,ARTVİN,UNPAID
3770,Abdullah,SİNOP,LATE
3773,Fadime,MUĞLA,LATE
3779,Hatice,BİLECİK,LATE
3782,Ramazan,ÇANKIRI,UNPAID
3785,Zehra,RİZE,UNPAID
3791,Ramazan,ISPARTA,LATE
3792,Ahmet,YALOVA,LATE
3796,Fadime,MERSİN,LATE
3802,İsmail,DİYARBAKIR,LATE
3805,Yusuf,KİLİS,LATE
3810,Metin,KİLİS,UNPAID
3813,Kübra,VAN,LATE
3820,Adem,MUŞ,LATE
3821,Serkan,OSMANİYE,UNPAID
3825,Serkan,SİVAS,UNPAID
3835,Elif,KARS,UNPAID
3840,Hasan,KİLİS,LATE
3844,Osman,MUĞLA,LATE
3845,Kübra,BİTLİS,UNPAID
3846,Rabia,KIRŞEHİR,LATE
3849,Ahmet,ERZİNCAN,UNPAID
3851,Yağmur,ERZİNCAN,UNPAID
3855,Muhammed,KIRIKKALE,LATE
3859,Murat,İSTANBUL,LATE
3860,Hülya,BİTLİS,UNPAID
3866,Rabia,ESKİŞEHİR,LATE
3872,Melek,UŞAK,UNPAID
3877,Merve,BİLECİK,LATE
3878,Abdullah,AKSARAY,LATE
3879,Melek,KIRKLARELİ,LATE
3880,Sultan,ANKARA,LATE
3884,Halil,ARTVİN,UNPAID
3890,Mahmut,AKSARAY,LATE
3892,Dilek,KARAMAN,LATE
3893,Zehra,KIRIKKALE,UNPAID
3897,Merve,KOCAELİ,LATE
3899,Sevim,BOLU,UNPAID
3900,Adem,ORDU,LATE
3901,Meryem,EDİRNE,LATE
3907,Tuğba,İSTANBUL,UNPAID
3908,Melek,ERZURUM,LATE
3598,Hüseyin,NEVŞEHİR,LATE
3601,Abdullah,ORDU,UNPAID
3602,Ali,KASTAMONU,LATE
3607,Elif,ŞANLIURFA,LATE
3608,Emine,KAYSERİ,LATE
3609,Fatma,OSMANİYE,LATE
3615,Abdullah,ARTVİN,LATE
3616,Ali,BİNGÖL,LATE
3620,Metin,AĞRI,LATE
3621,Havva,TUNCELİ,UNPAID
3626,Ahmet,İZMİR,LATE
3627,Tuğba,ERZİNCAN,UNPAID
3631,İbrahim,DİYARBAKIR,LATE
3634,Aynur,ÇANAKKALE,LATE
3635,Hacer,KAHRAMANMARAŞ,UNPAID
3639,Hülya,DENİZLİ,LATE
3641,Zeynep,KİLİS,LATE
3645,Recep,KİLİS,UNPAID
3651,Meryem,ÇANAKKALE,LATE
3652,Dilek,ARDAHAN,LATE
3655,Yasin,HAKKARİ,LATE
3657,Büşra,KIRIKKALE,UNPAID
3659,Dilek,ANTALYA,LATE
3660,Büşra,ŞIRNAK,LATE
3661,Sultan,KAHRAMANMARAŞ,LATE
3662,Ahmet,ERZİNCAN,LATE
3668,Ayşegül,UŞAK,UNPAID
3670,Tuğba,BURDUR,LATE
3671,Ahmet,TRABZON,LATE
3676,Recep,KASTAMONU,UNPAID
3679,Aysel,MUĞLA,UNPAID
3681,Zehra,YALOVA,LATE
3682,Hakan,NEVŞEHİR,LATE
3683,Zeynep,DİYARBAKIR,LATE
3685,Ramazan,AYDIN,LATE
3691,Adem,ANKARA,UNPAID
3694,Recep,UŞAK,LATE
3696,Recep,TUNCELİ,LATE
3697,Emre,BALIKESİR,UNPAID
3698,Yasemin,NİĞDE,LATE
3704,Meryem,AYDIN,UNPAID
3706,Adem,ŞIRNAK,UNPAID
3708,Hülya,KÜTAHYA,LATE
3710,Özlem,ADIYAMAN,LATE
3713,Fadime,KARS,LATE
3718,Hatice,HATAY,LATE
3719,Yağmur,MERSİN,LATE
3737,Yusuf,ESKİŞEHİR,LATE
3738,Fadime,KAHRAMANMARAŞ,UNPAID
3743,Sevim,ÇORUM,UNPAID
3745,Sevim,RİZE,LATE
3747,Recep,VAN,UNPAID
3750,Zeynep,KİLİS,UNPAID
3751,Halil,MANİSA,LATE
3450,Yağmur,ANTALYA,UNPAID
3454,Merve,ÇANKIRI,LATE
3462,Aynur,ELAZIĞ,LATE
3465,Özlem,IĞDIR,LATE
3467,Fatih,OSMANİYE,LATE
3470,Metin,KIRKLARELİ,UNPAID
3473,Emre,KARS,LATE
3474,Emine,RİZE,LATE
3476,Büşra,EDİRNE,LATE
3477,Enes,BİLECİK,LATE
3483,Ali,ORDU,LATE
3486,Enes,ADIYAMAN,LATE
3492,Meryem,YOZGAT,UNPAID
3494,Havva,ADIYAMAN,LATE
3495,Rabia,SAMSUN,UNPAID
3496,Songül,ISPARTA,UNPAID
3498,Sultan,BURDUR,LATE
3506,Emre,BAYBURT,UNPAID
3512,Meryem,AMASYA,LATE
3518,Hakan,IĞDIR,UNPAID
3519,Fatma,HATAY,UNPAID
3521,Yağmur,İZMİR,LATE
3522,Aysel,ADANA,UNPAID
3523,Enes,ÇANKIRI,LATE
3528,Adem,MANİSA,LATE
3532,Ali,KOCAELİ,UNPAID
3538,Hasan,KARABÜK,UNPAID
3548,Büşra,ARDAHAN,UNPAID
3552,Burak,KARABÜK,LATE
3555,Dilek,KARS,UNPAID
3557,Furkan,AĞRI,UNPAID
3563,Murat,ÇANAKKALE,UNPAID
3565,Dilek,IĞDIR,LATE
3569,Burak,İSTANBUL,LATE
3571,Sevim,BALIKESİR,LATE
3572,Meryem,UŞAK,LATE
3575,Enes,AFYONKARAHİSAR,UNPAID
3578,Ömer,MARDİN,UNPAID
3581,Adem,BİNGÖL,UNPAID
3592,Fadime,KOCAELİ,UNPAID
3595,Enes,BURSA,LATE
3597,Meryem,ARDAHAN,UNPAID
3285,İbrahim,DÜZCE,UNPAID
3286,Zehra,ZONGULDAK,UNPAID
3291,Metin,ÇANKIRI,UNPAID
3292,Muhammed,KARABÜK,LATE
3294,Recep,TEKİRDAĞ,LATE
3297,Meryem,MUŞ,UNPAID
3300,Muhammed,ESKİŞEHİR,LATE
3305,Mahmut,KIRIKKALE,UNPAID
3306,Fadime,MERSİN,LATE
3308,Adem,ORDU,UNPAID
3311,İbrahim,TRABZON,UNPAID
3315,Fatih,İSTANBUL,UNPAID
3316,Ayşe,KAHRAMANMARAŞ,LATE
3322,Fatih,GÜMÜŞHANE,UNPAID
3325,Esra,VAN,LATE
3327,Fadime,KİLİS,UNPAID
3328,Enes,KIRIKKALE,LATE
3330,Ömer,ARTVİN,LATE
3331,Kadir,ERZİNCAN,LATE
3333,Yağmur,BİLECİK,LATE
3334,Sultan,KIRKLARELİ,UNPAID
3335,Leyla,MANİSA,UNPAID
3336,Süleyman,SİNOP,UNPAID
3342,Fadime,ARTVİN,LATE
3347,Ali,KONYA,LATE
3348,Yasin,ADIYAMAN,LATE
3352,Rabia,BURSA,UNPAID
3353,Süleyman,BURDUR,UNPAID
3357,Esra,UŞAK,LATE
3358,Hakan,BATMAN,UNPAID
3361,Hüseyin,KOCAELİ,UNPAID
3362,Hacer,TRABZON,UNPAID
3369,Muhammed,AĞRI,UNPAID
3370,Zeynep,KARABÜK,LATE
3372,İsmail,BATMAN,LATE
3374,Ömer,OSMANİYE,UNPAID
3381,Recep,TRABZON,LATE
3384,Emine,KIRIKKALE,UNPAID
3386,Rabia,KARAMAN,LATE
3389,Yasin,BİTLİS,LATE
3392,Dilek,AMASYA,LATE
3400,Aysel,ZONGULDAK,LATE
3403,Aysel,AFYONKARAHİSAR,UNPAID
3404,Hasan,ZONGULDAK,LATE
3414,Merve,TEKİRDAĞ,LATE
3417,İbrahim,BOLU,LATE
3419,Leyla,NİĞDE,UNPAID
3423,Ramazan,ADIYAMAN,UNPAID
3430,Hakan,ESKİŞEHİR,UNPAID
3431,Fadime,HATAY,UNPAID
3433,Zehra,KARAMAN,UNPAID
3435,Yasin,OSMANİYE,LATE
3437,Recep,BALIKESİR,UNPAID
3438,Melek,SİİRT,UNPAID
3130,Hakan,ISPARTA,UNPAID
3132,Halil,BARTIN,UNPAID
3135,Büşra,DİYARBAKIR,LATE
3138,Fadime,ANTALYA,UNPAID
3143,İbrahim,AMASYA,LATE
3145,Mehmet,AĞRI,LATE
3147,Esra,KIRKLARELİ,UNPAID
3153,Kadir,KAYSERİ,LATE
3154,Sultan,ÇANAKKALE,LATE
3157,Zeynep,IĞDIR,UNPAID
3172,Ayşegül,ARDAHAN,LATE
3175,Dilek,ORDU,UNPAID
3178,Fatih,ADIYAMAN,LATE
3188,Fadime,ÇANKIRI,LATE
3189,Yağmur,DÜZCE,LATE
3191,Ayşegül,MERSİN,LATE
3196,İbrahim,NEVŞEHİR,UNPAID
3198,Esra,MUŞ,LATE
3201,Emre,BALIKESİR,LATE
3205,Rabia,DENİZLİ,UNPAID
3206,Aysel,BARTIN,LATE
3207,Burak,BURSA,UNPAID
3209,Fadime,İSTANBUL,UNPAID
3211,Hülya,UŞAK,UNPAID
3234,Emine,MUĞLA,UNPAID
3239,Emre,ERZİNCAN,UNPAID
3241,Elif,TUNCELİ,LATE
3242,Büşra,ARDAHAN,LATE
3256,Osman,KONYA,UNPAID
3262,Yağmur,SİVAS,LATE
3264,Recep,TUNCELİ,LATE
3266,Ayşe,ARDAHAN,LATE
3283,Yasin,ARTVİN,UNPAID
2973,Ahmet,İZMİR,UNPAID
2974,Burak,KASTAMONU,UNPAID
2985,Ramazan,KIRŞEHİR,LATE
2988,Enes,BALIKESİR,LATE
2993,Ayşe,RİZE,UNPAID
2995,Yasemin,KİLİS,UNPAID
3000,Meryem,EDİRNE,LATE
3002,Zeynep,BİTLİS,UNPAID
3007,Özlem,DENİZLİ,LATE
3014,Mustafa,NİĞDE,LATE
3016,Yağmur,HATAY,UNPAID
3019,Abdullah,KIRIKKALE,UNPAID
3021,Mustafa,ORDU,UNPAID
3027,Burak,BURDUR,LATE
3032,Kadir,KAYSERİ,LATE
3033,Leyla,DÜZCE,LATE
3035,Esra,AĞRI,LATE
3036,Songül,BURDUR,LATE
3037,Büşra,YOZGAT,UNPAID
3038,Kübra,SİVAS,LATE
3040,Ayşe,AMASYA,UNPAID
3041,İsmail,SİİRT,LATE
3042,Kübra,SİİRT,UNPAID
3044,Serkan,VAN,LATE
3046,Büşra,SAKARYA,UNPAID
3055,Mehmet,BARTIN,UNPAID
3059,Tuğba,IĞDIR,UNPAID
3060,Büşra,BİNGÖL,LATE
3062,Süleyman,KAHRAMANMARAŞ,UNPAID
3067,Yağmur,AMASYA,UNPAID
3075,Serkan,KARAMAN,LATE
3076,İsmail,ISPARTA,UNPAID
3078,Fadime,BARTIN,UNPAID
3083,Aysel,UŞAK,UNPAID
3085,Mustafa,KAYSERİ,LATE
3088,Hakan,GAZİANTEP,LATE
3094,Hakan,ÇORUM,UNPAID
3096,Aysel,KIRKLARELİ,UNPAID
3100,Emine,AĞRI,UNPAID
3105,Hülya,KAHRAMANMARAŞ,LATE
3108,Melek,TUNCELİ,LATE
3114,Kübra,KİLİS,UNPAID
3115,Kübra,BALIKESİR,UNPAID
3117,Kübra,KONYA,LATE
3118,Abdullah,OSMANİYE,LATE
3120,Yasemin,VAN,UNPAID
3122,Emre,KOCAELİ,UNPAID
2820,Leyla,ÇANKIRI,LATE
2821,Fatih,ORDU,LATE
2823,Fatih,ÇANKIRI,LATE
2829,Burak,SİİRT,UNPAID
2830,Emine,SİVAS,LATE
2831,Hasan,BİTLİS,UNPAID
2836,Süleyman,TOKAT,UNPAID
2837,Süleyman,TEKİRDAĞ,LATE
2838,Merve,HATAY,UNPAID
2841,Rabia,SAMSUN,UNPAID
2845,Özlem,YALOVA,UNPAID
2847,Emre,BİNGÖL,LATE
2850,Leyla,VAN,UNPAID
2852,Enes,BATMAN,UNPAID
2855,Murat,TUNCELİ,LATE
2857,Emine,MUĞLA,LATE
2858,Hakan,BURSA,UNPAID
2861,Emine,YOZGAT,UNPAID
2862,Zeynep,KONYA,UNPAID
2870,Murat,ÇORUM,UNPAID
2872,Meryem,ERZURUM,UNPAID
2878,Ömer,ŞANLIURFA,UNPAID
2886,Fadime,KOCAELİ,LATE
2889,Yusuf,KARABÜK,UNPAID
2890,Havva,KONYA,UNPAID
2893,Aynur,NİĞDE,UNPAID
2897,Serkan,DÜZCE,LATE
2906,Özlem,TOKAT,UNPAID
2908,Kadir,RİZE,UNPAID
2909,Merve,ÇANAKKALE,UNPAID
2913,Kübra,ŞIRNAK,LATE
2916,Hasan,ADIYAMAN,UNPAID
2918,Osman,KARABÜK,LATE
2921,Enes,ANKARA,LATE
2922,Burak,GİRESUN,LATE
2932,Adem,TEKİRDAĞ,UNPAID
2933,Hatice,AMASYA,UNPAID
2935,Emre,BARTIN,LATE
2937,Fatih,YALOVA,UNPAID
2940,Fatma,IĞDIR,UNPAID
2954,Mahmut,GÜMÜŞHANE,LATE
2958,Emre,SİİRT,LATE
2961,İbrahim,IĞDIR,LATE
2963,Havva,KARS,LATE
2965,Zehra,GAZİANTEP,UNPAID
2666,Hülya,IĞDIR,LATE
2667,Merve,ADIYAMAN,LATE
2669,Rabia,BURDUR,LATE
2670,Mehmet,ARTVİN,UNPAID
2671,Emine,BİTLİS,UNPAID
2672,Sevim,DENİZLİ,UNPAID
2673,Recep,SİNOP,UNPAID
2674,Rabia,GİRESUN,UNPAID
2675,Aynur,AYDIN,UNPAID
2685,Mehmet,ADANA,LATE
2686,Yasemin,ERZİNCAN,UNPAID
2687,Ali,BİLECİK,LATE
2688,Recep,BARTIN,LATE
2691,Dilek,SİİRT,UNPAID
2699,Recep,GÜMÜŞHANE,UNPAID
2702,Fadime,SAMSUN,LATE
2708,Yasemin,SAKARYA,UNPAID
2709,Fatma,AYDIN,UNPAID
2712,Hülya,ESKİŞEHİR,UNPAID
2713,Adem,ELAZIĞ,LATE
2717,Dilek,AMASYA,LATE
2736,Rabia,IĞDIR,UNPAID
2738,Hüseyin,KIRIKKALE,UNPAID
2743,Büşra,BURSA,UNPAID
2752,Emine,BOLU,LATE
2757,Zehra,KARS,UNPAID
2759,Rabia,İSTANBUL,LATE
2760,Enes,EDİRNE,LATE
2762,Sevim,ARDAHAN,UNPAID
2768,Leyla,AĞRI,LATE
2771,Furkan,KAHRAMANMARAŞ,UNPAID
2772,Emre,ÇANKIRI,UNPAID
2776,Dilek,ERZURUM,LATE
2781,Fadime,GİRESUN,UNPAID
2786,Esra,BİLECİK,LATE
2788,Muhammed,MUĞLA,UNPAID
2789,Yağmur,ÇORUM,UNPAID
2790,Ayşegül,SİİRT,LATE
2791,Hakan,SAMSUN,UNPAID
2793,Zehra,ANKARA,LATE
2794,Hacer,BATMAN,LATE
2797,Furkan,KARS,LATE
2801,Ali,GAZİANTEP,LATE
2802,Rabia,ADIYAMAN,LATE
2807,Özlem,HATAY,UNPAID
2809,Furkan,KIRIKKALE,LATE
2810,Yağmur,ISPARTA,UNPAID
2811,Zeynep,BALIKESİR,LATE
2814,Hacer,ARDAHAN,LATE
2505,Sevim,TUNCELİ,LATE
2506,Murat,IĞDIR,UNPAID
2509,Yasin,YOZGAT,UNPAID
2510,Fatih,ŞANLIURFA,UNPAID
2512,Zehra,HAKKARİ,UNPAID
2522,Kadir,EDİRNE,LATE
2530,Adem,DİYARBAKIR,LATE
2534,Esra,VAN,UNPAID
2538,Songül,BALIKESİR,LATE
2544,Kadir,EDİRNE,LATE
2556,İsmail,ORDU,LATE
2558,Fatih,ERZİNCAN,UNPAID
2561,Sevim,BALIKESİR,UNPAID
2563,Yusuf,ADIYAMAN,LATE
2564,Osman,KASTAMONU,LATE
2576,Ahmet,DENİZLİ,LATE
2577,Rabia,EDİRNE,UNPAID
2583,Kübra,ARTVİN,LATE
2584,Ayşegül,KÜTAHYA,LATE
2589,Ömer,SİNOP,UNPAID
2592,Elif,BİLECİK,UNPAID
2596,Ramazan,SAMSUN,UNPAID
2599,Tuğba,KİLİS,UNPAID
2605,Mehmet,BALIKESİR,UNPAID
2610,Enes,ŞIRNAK,LATE
2614,Osman,MUŞ,LATE
2627,Emre,KÜTAHYA,UNPAID
2629,Merve,YALOVA,LATE
2632,Esra,ADANA,LATE
2633,Mahmut,YOZGAT,UNPAID
2636,Ayşegül,MUŞ,UNPAID
2639,Büşra,ADIYAMAN,UNPAID
2642,Ali,KAYSERİ,UNPAID
2643,Mehmet,ESKİŞEHİR,LATE
2650,Hatice,KASTAMONU,LATE
2652,Burak,DÜZCE,UNPAID
2655,Tuğba,BİLECİK,UNPAID
2656,Esra,UŞAK,UNPAID
2348,Hacer,MUŞ,LATE
2349,Merve,RİZE,LATE
2354,Merve,BİNGÖL,LATE
2362,Meryem,KIRIKKALE,LATE
2365,Süleyman,OSMANİYE,UNPAID
2367,Metin,ÇANKIRI,LATE
2369,Ayşegül,SAMSUN,UNPAID
2370,Büşra,AYDIN,UNPAID
2372,Mustafa,MANİSA,LATE
2373,Hacer,VAN,UNPAID
2375,Zehra,BALIKESİR,LATE
2384,Burak,MUĞLA,LATE
2386,Merve,BURDUR,UNPAID
2390,Sultan,KİLİS,LATE
2395,Yasemin,KİLİS,LATE
2396,Sevim,YALOVA,UNPAID
2398,Süleyman,DÜZCE,LATE
2399,Melek,KOCAELİ,LATE
2402,Yasemin,ADANA,LATE
2404,Sevim,AĞRI,UNPAID
2405,Abdullah,GÜMÜŞHANE,UNPAID
2409,Fadime,ARTVİN,LATE
2411,Kadir,MERSİN,UNPAID
2415,Songül,ELAZIĞ,LATE
2417,İsmail,ARTVİN,LATE
2420,Hatice,TRABZON,LATE
2428,Ahmet,ÇANAKKALE,LATE
2430,Ayşegül,KÜTAHYA,LATE
2437,Murat,BARTIN,LATE
2438,Emine,ŞANLIURFA,LATE
2442,Songül,VAN,LATE
2445,İsmail,SİVAS,UNPAID
2449,Adem,AKSARAY,LATE
2450,Mahmut,ADIYAMAN,LATE
2451,Mustafa,ADANA,LATE
2453,Mustafa,KIRIKKALE,UNPAID
2458,Zehra,ERZURUM,UNPAID
2459,Recep,ESKİŞEHİR,LATE
2461,Büşra,BARTIN,UNPAID
2463,Melek,KONYA,UNPAID
2464,Meryem,KIRŞEHİR,UNPAID
2482,Büşra,TEKİRDAĞ,UNPAID
2487,Hülya,ESKİŞEHİR,UNPAID
2489,Burak,BARTIN,LATE
2490,Ayşe,ŞIRNAK,LATE
2494,Ayşe,ARDAHAN,LATE
2193,Fatih,ELAZIĞ,UNPAID
2194,İsmail,GAZİANTEP,UNPAID
2197,Ömer,ERZİNCAN,LATE
2204,Kübra,ARTVİN,UNPAID
2206,Özlem,BARTIN,UNPAID
2209,Emre,ELAZIĞ,LATE
2211,Merve,TEKİRDAĞ,UNPAID
2212,Enes,KARAMAN,UNPAID
2214,Ramazan,MUĞLA,UNPAID
2216,Sevim,ADANA,LATE
2218,Süleyman,ZONGULDAK,LATE
2221,Hakan,AFYONKARAHİSAR,LATE
2224,Emre,ELAZIĞ,LATE
2225,İsmail,AFYONKARAHİSAR,LATE
2227,Enes,KARABÜK,LATE
2237,Meryem,KASTAMONU,UNPAID
2239,Mustafa,EDİRNE,LATE
2247,Yağmur,AYDIN,LATE
2248,Hatice,BARTIN,LATE
2249,Merve,KONYA,LATE
2251,Kübra,ADIYAMAN,UNPAID
2258,Ayşegül,İSTANBUL,LATE
2259,Yasemin,BARTIN,LATE
2262,Fatih,RİZE,UNPAID
2263,Ayşe,BARTIN,LATE
2267,Osman,ADANA,UNPAID
2269,İbrahim,KIRIKKALE,LATE
2273,Sultan,BALIKESİR,LATE
2277,İsmail,KONYA,LATE
2285,Özlem,GÜMÜŞHANE,UNPAID
2288,Özlem,ŞIRNAK,LATE
2290,Adem,MUŞ,UNPAID
2292,Abdullah,AKSARAY,UNPAID
2294,Kadir,MARDİN,UNPAID
2295,Hacer,EDİRNE,UNPAID
2296,Recep,ŞANLIURFA,UNPAID
2298,Yasemin,ERZİNCAN,UNPAID
2301,Recep,KARS,LATE
2304,Recep,MUĞLA,UNPAID
2305,Süleyman,YOZGAT,UNPAID
2307,Serkan,UŞAK,UNPAID
2308,Halil,RİZE,LATE
2311,Adem,AYDIN,UNPAID
2312,Hatice,TOKAT,UNPAID
2319,Halil,ZONGULDAK,LATE
2320,Fadime,ESKİŞEHİR,UNPAID
2324,Hakan,MANİSA,UNPAID
2328,Fadime,BURDUR,LATE
2336,Fadime,ORDU,LATE
2340,Ömer,ŞANLIURFA,UNPAID
2345,Leyla,DENİZLİ,UNPAID
2036,Zehra,KARS,LATE
2041,Sevim,ERZİNCAN,LATE
2043,Kübra,VAN,UNPAID
2044,Hasan,ÇORUM,LATE
2048,Serkan,SİVAS,UNPAID
2049,Aysel,KASTAMONU,UNPAID
2053,Meryem,TRABZON,UNPAID
2060,Aynur,ŞANLIURFA,LATE
2061,Leyla,AĞRI,UNPAID
2064,Merve,TUNCELİ,UNPAID
2074,Yasin,KAYSERİ,LATE
2075,Fatih,RİZE,LATE
2093,Rabia,TUNCELİ,UNPAID
2094,Ömer,KOCAELİ,LATE
2095,Ali,SİVAS,LATE
2096,Aysel,KIRKLARELİ,LATE
2097,Halil,AYDIN,LATE
2098,Mustafa,İSTANBUL,LATE
2099,Ramazan,KIRIKKALE,UNPAID
2104,Hüseyin,GAZİANTEP,UNPAID
2106,Melek,MARDİN,LATE
2112,Meryem,KÜTAHYA,UNPAID
2113,Yağmur,IĞDIR,UNPAID
2118,Yasemin,BİNGÖL,UNPAID
2122,Aysel,ANKARA,UNPAID
2132,Hatice,KÜTAHYA,UNPAID
2133,Yusuf,KAHRAMANMARAŞ,UNPAID
2134,Mustafa,MANİSA,LATE
2136,Murat,YALOVA,LATE
2137,Sevim,ŞIRNAK,LATE
2143,Havva,MALATYA,LATE
2144,Rabia,ISPARTA,UNPAID
2146,Kadir,UŞAK,LATE
2149,Leyla,KONYA,LATE
2151,Ali,BİTLİS,UNPAID
2155,Burak,MALATYA,UNPAID
2156,Aysel,YALOVA,LATE
2161,Meryem,OSMANİYE,UNPAID
2167,Fatih,RİZE,UNPAID
2168,Fatih,VAN,UNPAID
2177,Zehra,ESKİŞEHİR,UNPAID
2180,Enes,AYDIN,UNPAID
2185,Fatma,ARDAHAN,LATE
1882,Aynur,ADIYAMAN,UNPAID
1890,Hakan,ISPARTA,LATE
1894,Murat,ESKİŞEHİR,UNPAID
1895,İbrahim,KOCAELİ,LATE
1909,Osman,MERSİN,LATE
1911,Yusuf,BARTIN,UNPAID
1921,Büşra,KÜTAHYA,UNPAID
1923,Hülya,ÇANKIRI,LATE
1930,Rabia,SİNOP,LATE
1933,Dilek,SİNOP,UNPAID
1935,Elif,TEKİRDAĞ,LATE
1937,Burak,SAMSUN,UNPAID
1943,Fadime,TUNCELİ,UNPAID
1944,Rabia,SAKARYA,UNPAID
1951,Kadir,ARDAHAN,LATE
1954,Burak,KIRKLARELİ,UNPAID
1957,Sevim,İZMİR,LATE
1958,Süleyman,RİZE,LATE
1961,Halil,MUĞLA,UNPAID
1963,Fatma,BAYBURT,LATE
1966,Merve,HAKKARİ,UNPAID
1969,Emine,NEVŞEHİR,LATE
1970,Özlem,RİZE,LATE
1975,Yağmur,KIRŞEHİR,UNPAID
1976,Meryem,KOCAELİ,UNPAID
1979,Zehra,KARABÜK,LATE
1983,Aysel,KIRKLARELİ,LATE
1993,Süleyman,KONYA,LATE
1994,Yasin,ARTVİN,UNPAID
2000,Murat,MUŞ,LATE
2002,Metin,HATAY,UNPAID
2003,Sevim,GİRESUN,UNPAID
2007,Osman,KASTAMONU,UNPAID
2011,Songül,MUŞ,UNPAID
2016,Hakan,İSTANBUL,UNPAID
2017,Sultan,KAYSERİ,UNPAID
2020,Tuğba,ARTVİN,UNPAID
2021,İbrahim,TRABZON,UNPAID
2022,Osman,ÇORUM,LATE
2028,Ali,SAKARYA,LATE
2030,Aysel,YALOVA,LATE
2031,Kübra,MALATYA,UNPAID
2032,Dilek,ARTVİN,LATE
2033,Enes,KASTAMONU,LATE
2034,Ayşe,ERZURUM,LATE
1724,Dilek,KASTAMONU,UNPAID
1725,Tuğba,MANİSA,LATE
1731,Mustafa,SİNOP,UNPAID
1732,Tuğba,KASTAMONU,UNPAID
1734,Songül,KÜTAHYA,UNPAID
1736,Meryem,ELAZIĞ,LATE
1739,Süleyman,BALIKESİR,LATE
1740,Yasin,ANTALYA,UNPAID
1742,Kadir,SİVAS,UNPAID
1743,Süleyman,TOKAT,LATE
1744,Abdullah,ANKARA,UNPAID
1749,Murat,BAYBURT,LATE
1752,Fadime,BALIKESİR,UNPAID
1757,Ömer,KIRŞEHİR,LATE
1761,Hacer,RİZE,UNPAID
1762,Elif,YOZGAT,UNPAID
1763,Serkan,KÜTAHYA,LATE
1764,İbrahim,BAYBURT,LATE
1768,Ali,KIRŞEHİR,UNPAID
1769,Mustafa,KIRKLARELİ,LATE
1775,Aynur,YALOVA,LATE
1779,Hülya,RİZE,LATE
1790,Osman,ANTALYA,LATE
1791,Hakan,ERZURUM,LATE
1792,Ayşe,HAKKARİ,LATE
1793,Fatma,BİLECİK,UNPAID
1799,Yusuf,KIRŞEHİR,UNPAID
1804,Yağmur,AKSARAY,UNPAID
1805,Hakan,BALIKESİR,UNPAID
1815,Esra,DENİZLİ,UNPAID
1819,Metin,KÜTAHYA,UNPAID
1825,Burak,BİLECİK,UNPAID
1826,Yasin,MUŞ,UNPAID
1828,Kübra,KOCAELİ,UNPAID
1831,Ayşe,AYDIN,UNPAID
1832,Aysel,MANİSA,UNPAID
1833,Büşra,KIRIKKALE,LATE
1835,Süleyman,SİİRT,UNPAID
1837,Zehra,ESKİŞEHİR,LATE
1840,Abdullah,KÜTAHYA,LATE
1841,Yusuf,ŞIRNAK,LATE
1842,Hülya,ORDU,UNPAID
1843,Enes,BAYBURT,UNPAID
1845,Hakan,KIRKLARELİ,UNPAID
1846,Havva,ORDU,UNPAID
1849,Hacer,ANKARA,UNPAID
1852,İsmail,GAZİANTEP,UNPAID
1855,Hacer,ERZİNCAN,LATE
1861,Recep,BİNGÖL,LATE
1863,Rabia,BATMAN,UNPAID
1868,Enes,KASTAMONU,UNPAID
1869,Melek,ELAZIĞ,LATE
1872,Zehra,MANİSA,UNPAID
1876,Zehra,KARAMAN,LATE
1877,Hakan,KONYA,UNPAID
1565,Rabia,SİVAS,LATE
1574,Abdullah,MUĞLA,UNPAID
1576,Mustafa,KAHRAMANMARAŞ,LATE
1577,Hatice,OSMANİYE,UNPAID
1580,Dilek,MUŞ,LATE
1581,Ayşe,MANİSA,LATE
1582,Dilek,ÇORUM,LATE
1584,Mustafa,OSMANİYE,LATE
1586,İsmail,OSMANİYE,UNPAID
1590,Meryem,ZONGULDAK,LATE
1594,Havva,BİLECİK,UNPAID
1600,Muhammed,ZONGULDAK,UNPAID
1606,Esra,İSTANBUL,UNPAID
1609,Dilek,ANKARA,LATE
1612,Havva,KARS,UNPAID
1613,Emine,NEVŞEHİR,UNPAID
1616,Yasemin,DENİZLİ,LATE
1618,Büşra,AĞRI,LATE
1621,Aysel,MALATYA,LATE
1622,Murat,ESKİŞEHİR,UNPAID
1631,Süleyman,ÇANAKKALE,UNPAID
1633,Meryem,MUŞ,LATE
1635,Sultan,KARABÜK,LATE
1638,Emine,ORDU,UNPAID
1639,Fadime,ERZURUM,UNPAID
1640,Mustafa,KAHRAMANMARAŞ,LATE
1641,Esra,SİNOP,UNPAID
1642,Rabia,ÇANKIRI,UNPAID
1649,Yusuf,GİRESUN,UNPAID
1650,Abdullah,ERZİNCAN,LATE
1651,Leyla,ÇANKIRI,UNPAID
1652,Fadime,IĞDIR,LATE
1653,Burak,KOCAELİ,LATE
1655,Fatma,DENİZLİ,LATE
1659,Zehra,TOKAT,LATE
1660,Songül,NİĞDE,LATE
1661,Fatih,ARTVİN,LATE
1663,Songül,KASTAMONU,LATE
1665,Kadir,EDİRNE,LATE
1669,Ahmet,BİLECİK,UNPAID
1670,Esra,SİİRT,UNPAID
1674,Zehra,DİYARBAKIR,LATE
1681,Yasin,KASTAMONU,UNPAID
1682,Dilek,IĞDIR,UNPAID
1683,Hacer,MANİSA,LATE
1693,Ali,BİLECİK,UNPAID
1700,Melek,İSTANBUL,LATE
1701,Dilek,TRABZON,UNPAID
1704,Yasin,ELAZIĞ,UNPAID
1706,Hatice,SAKARYA,UNPAID
1709,Merve,BOLU,LATE
1710,Aynur,HAKKARİ,LATE
1713,Rabia,TUNCELİ,LATE
1714,Aynur,SAKARYA,UNPAID
1717,Zehra,BİLECİK,UNPAID
1720,Ömer,AĞRI,LATE
1409,Rabia,BİTLİS,UNPAID
1412,Yağmur,IĞDIR,LATE
1413,Rabia,TEKİRDAĞ,LATE
1419,Mustafa,BURDUR,UNPAID
1421,Ahmet,GÜMÜŞHANE,UNPAID
1422,Songül,BİNGÖL,LATE
1424,Abdullah,İSTANBUL,LATE
1427,Ahmet,ŞANLIURFA,UNPAID
1429,Abdullah,AYDIN,LATE
1435,Rabia,VAN,LATE
1437,Esra,KASTAMONU,UNPAID
1440,İsmail,BİNGÖL,LATE
1442,Süleyman,DENİZLİ,LATE
1443,Ramazan,UŞAK,LATE
1445,Yasin,NEVŞEHİR,LATE
1457,İsmail,ERZİNCAN,LATE
1459,Özlem,KİLİS,LATE
1462,Fadime,TRABZON,LATE
1463,Emre,BAYBURT,LATE
1465,Meryem,MUĞLA,LATE
1472,Zehra,MUĞLA,LATE
1474,Aynur,MANİSA,LATE
1482,Merve,ELAZIĞ,LATE
1484,Zehra,ÇANAKKALE,LATE
1487,Hatice,BALIKESİR,UNPAID
1489,Büşra,ELAZIĞ,UNPAID
1491,Osman,GİRESUN,UNPAID
1502,İsmail,ORDU,UNPAID
1505,Hacer,MERSİN,LATE
1509,Metin,ADANA,LATE
1510,Yağmur,İZMİR,UNPAID
1516,Osman,İSTANBUL,UNPAID
1520,Hakan,DENİZLİ,UNPAID
1521,Mahmut,ERZURUM,UNPAID
1522,Kadir,YALOVA,LATE
1525,Kübra,ORDU,LATE
1538,Burak,SİNOP,UNPAID
1539,Zehra,TRABZON,UNPAID
1540,Enes,SİİRT,LATE
1556,Fatih,KASTAMONU,UNPAID
1557,Zeynep,NEVŞEHİR,UNPAID
1558,Mustafa,SAMSUN,UNPAID
1559,Hülya,ANTALYA,UNPAID
1562,Dilek,TUNCELİ,UNPAID
1563,Recep,GÜMÜŞHANE,LATE
1252,Zehra,UŞAK,UNPAID
1254,Ramazan,TRABZON,UNPAID
1255,Meryem,ESKİŞEHİR,LATE
1266,Leyla,NİĞDE,LATE
1267,Furkan,RİZE,LATE
1269,Kübra,ARTVİN,UNPAID
1272,Abdullah,BİTLİS,UNPAID
1273,Mahmut,ŞANLIURFA,LATE
1275,Merve,BİTLİS,LATE
1277,Halil,ŞANLIURFA,UNPAID
1282,Abdullah,BATMAN,LATE
1284,Hülya,KARABÜK,UNPAID
1285,Murat,ANTALYA,LATE
1288,Melek,ERZİNCAN,UNPAID
1293,Ali,ERZİNCAN,LATE
1296,Ayşegül,RİZE,UNPAID
1304,Zehra,KIRIKKALE,UNPAID
1305,Osman,KONYA,UNPAID
1307,Zeynep,ISPARTA,UNPAID
1315,Meryem,NİĞDE,LATE
1318,Fatma,KIRKLARELİ,UNPAID
1323,Yusuf,ZONGULDAK,LATE
1326,Sevim,ERZİNCAN,UNPAID
1327,Hacer,OSMANİYE,UNPAID
1332,Mustafa,DİYARBAKIR,LATE
1334,Muhammed,RİZE,LATE
1337,Recep,ARDAHAN,LATE
1339,Abdullah,MARDİN,UNPAID
1340,Ramazan,MUĞLA,UNPAID
1344,Zehra,AĞRI,UNPAID
1348,Elif,HATAY,UNPAID
1351,Elif,MERSİN,UNPAID
1352,Melek,ARDAHAN,UNPAID
1355,Osman,KIRŞEHİR,UNPAID
1356,Hakan,KASTAMONU,UNPAID
1357,Havva,OSMANİYE,UNPAID
1358,Zehra,YALOVA,LATE
1361,Ayşegül,EDİRNE,LATE
1366,Aysel,ARTVİN,UNPAID
1367,Meryem,ANKARA,LATE
1372,Yusuf,KÜTAHYA,UNPAID
1373,Burak,OSMANİYE,UNPAID
1374,Sultan,KARABÜK,LATE
1376,Zeynep,MARDİN,UNPAID
1377,Abdullah,AKSARAY,LATE
1380,Sevim,ARDAHAN,LATE
1382,Yusuf,KÜTAHYA,LATE
1383,Burak,TUNCELİ,LATE
1384,Serkan,BOLU,LATE
1393,Fatma,BİLECİK,UNPAID
1398,İsmail,BALIKESİR,LATE
1399,Hatice,ERZURUM,LATE
1401,Özlem,ANKARA,LATE
1407,Fatih,BARTIN,LATE
1097,Hasan,ÇANAKKALE,UNPAID
1098,Sultan,BURSA,UNPAID
1106,Fatma,BOLU,UNPAID
1108,İbrahim,NEVŞEHİR,LATE
1114,Aynur,HATAY,UNPAID
1117,Tuğba,İZMİR,LATE
1119,Hülya,KONYA,LATE
1120,Yağmur,ESKİŞEHİR,LATE
1121,Mustafa,YALOVA,UNPAID
1122,Sultan,TRABZON,LATE
1131,Fadime,RİZE,LATE
1133,Hatice,AYDIN,LATE
1134,Sultan,AMASYA,LATE
1136,Tuğba,GAZİANTEP,LATE
1137,Hülya,ZONGULDAK,UNPAID
1138,Yağmur,KARAMAN,LATE
1139,Adem,BURSA,LATE
1143,Muhammed,IĞDIR,UNPAID
1149,Abdullah,SİNOP,UNPAID
1153,Hasan,ERZURUM,UNPAID
1159,Dilek,BİTLİS,LATE
1160,Osman,İSTANBUL,LATE
1162,Burak,ADIYAMAN,LATE
1165,Meryem,ÇANAKKALE,LATE
1166,Büşra,IĞDIR,UNPAID
1167,Esra,GÜMÜŞHANE,LATE
1168,Zeynep,VAN,UNPAID
1184,Sevim,ESKİŞEHİR,UNPAID
1187,Murat,ERZURUM,LATE
1189,Özlem,ARDAHAN,UNPAID
1191,Hacer,YALOVA,LATE
1196,Sultan,ARDAHAN,UNPAID
1200,Sevim,ERZURUM,UNPAID
1202,Ayşe,BALIKESİR,LATE
1203,Melek,AKSARAY,UNPAID
1206,Ayşe,KIRŞEHİR,UNPAID
1209,Emre,NEVŞEHİR,LATE
1212,Dilek,GÜMÜŞHANE,LATE
1215,Merve,BARTIN,LATE
1217,Enes,ELAZIĞ,LATE
1223,Melek,SİİRT,UNPAID
1227,Murat,RİZE,LATE
1240,Hülya,DÜZCE,LATE
1242,Osman,DİYARBAKIR,UNPAID
1250,Fatma,TUNCELİ,UNPAID
940,Hakan,ERZİNCAN,LATE
941,Mustafa,NEVŞEHİR,UNPAID
942,Emre,KARAMAN,LATE
950,Merve,YOZGAT,LATE
952,Osman,MARDİN,UNPAID
956,İbrahim,MERSİN,LATE
960,Sultan,KÜTAHYA,LATE
966,Fadime,ERZURUM,UNPAID
973,Ayşegül,MUŞ,UNPAID
976,Halil,GAZİANTEP,LATE
977,Leyla,BİNGÖL,LATE
978,Hülya,ARDAHAN,LATE
980,Emre,İSTANBUL,LATE
981,Fatih,ŞIRNAK,UNPAID
983,Abdullah,KIRKLARELİ,LATE
990,Büşra,DENİZLİ,LATE
992,Elif,DENİZLİ,LATE
995,Mustafa,ŞIRNAK,UNPAID
998,Hakan,NEVŞEHİR,LATE
999,Burak,KIRKLARELİ,UNPAID
1000,Kübra,ORDU,UNPAID
1003,Fadime,BİTLİS,UNPAID
1004,Fatma,ŞIRNAK,UNPAID
1005,Halil,GÜMÜŞHANE,LATE
1008,Meryem,ERZURUM,LATE
1010,Ayşegül,GİRESUN,LATE
1011,Yasemin,ŞIRNAK,LATE
1014,Fadime,BİLECİK,UNPAID
1016,Büşra,GAZİANTEP,UNPAID
1022,Yağmur,DENİZLİ,UNPAID
1026,Enes,TRABZON,LATE
1028,Fatih,BURDUR,UNPAID
1033,Rabia,GAZİANTEP,UNPAID
1034,Melek,BARTIN,LATE
1036,Sevim,YOZGAT,LATE
1042,Ahmet,HATAY,UNPAID
1043,Metin,TOKAT,LATE
1044,Hakan,NEVŞEHİR,UNPAID
1049,Merve,KONYA,LATE
1072,Havva,İZMİR,LATE
1076,Songül,EDİRNE,UNPAID
1081,Halil,BURSA,UNPAID
1083,Recep,MARDİN,UNPAID
1084,Rabia,BURDUR,UNPAID
1086,Dilek,RİZE,UNPAID
1087,Fatih,RİZE,UNPAID
1088,Melek,SAKARYA,LATE
785,Rabia,ISPARTA,LATE
787,Abdullah,AKSARAY,UNPAID
791,Adem,DİYARBAKIR,LATE
792,Hasan,MUĞLA,UNPAID
795,Adem,SİNOP,UNPAID
797,Recep,SİNOP,UNPAID
802,Enes,TUNCELİ,LATE
809,Zehra,KIRIKKALE,LATE
817,Ayşe,DİYARBAKIR,UNPAID
820,Yasin,BURDUR,LATE
823,Fatma,BURDUR,UNPAID
824,Mustafa,BALIKESİR,UNPAID
828,Ali,EDİRNE,LATE
833,İbrahim,KAHRAMANMARAŞ,LATE
839,Elif,BALIKESİR,LATE
840,Emine,BİTLİS,UNPAID
843,Hatice,AFYONKARAHİSAR,LATE
845,Hatice,MANİSA,LATE
847,Burak,GİRESUN,LATE
848,Yasin,ÇANKIRI,LATE
849,Yusuf,ESKİŞEHİR,UNPAID
851,Kübra,MUŞ,UNPAID
853,Merve,BATMAN,LATE
858,Abdullah,SAKARYA,UNPAID
859,Emre,BURSA,LATE
861,Zeynep,BİTLİS,UNPAID
862,Ayşegül,AKSARAY,UNPAID
864,Burak,ADIYAMAN,LATE
868,Meryem,SİVAS,UNPAID
870,Abdullah,IĞDIR,LATE
880,Hülya,YALOVA,LATE
881,Enes,BALIKESİR,LATE
892,Aysel,AYDIN,UNPAID
896,Rabia,BOLU,LATE
899,Fatih,KARAMAN,UNPAID
900,İsmail,IĞDIR,UNPAID
901,Ayşegül,GAZİANTEP,LATE
902,Fadime,BOLU,LATE
906,Ahmet,ERZİNCAN,LATE
912,Serkan,YOZGAT,LATE
914,Ali,KARABÜK,UNPAID
915,Recep,KARAMAN,LATE
923,Meryem,SİVAS,LATE
924,Fatih,TOKAT,UNPAID
927,Mustafa,KARABÜK,LATE
934,Ramazan,ADANA,LATE
937,Yasin,TEKİRDAĞ,UNPAID
938,Aysel,KARAMAN,LATE
628,Dilek,ÇORUM,UNPAID
630,Osman,SAMSUN,LATE
635,Melek,AĞRI,UNPAID
636,Aysel,AFYONKARAHİSAR,UNPAID
643,Esra,YOZGAT,UNPAID
644,Yusuf,BURSA,UNPAID
647,Ayşegül,ŞIRNAK,UNPAID
649,Zeynep,ARDAHAN,UNPAID
650,Hacer,İSTANBUL,UNPAID
653,Dilek,MARDİN,UNPAID
658,Hülya,VAN,LATE
660,Muhammed,BARTIN,UNPAID
664,Leyla,NİĞDE,UNPAID
670,Enes,KIRŞEHİR,UNPAID
672,Hasan,KARABÜK,UNPAID
673,Fadime,EDİRNE,LATE
674,Havva,HATAY,UNPAID
677,Aysel,KASTAMONU,LATE
679,Yasemin,AĞRI,LATE
680,Merve,ŞANLIURFA,LATE
682,Yasemin,KIRIKKALE,LATE
686,Murat,UŞAK,UNPAID
691,Zeynep,KARS,LATE
696,Muhammed,ISPARTA,LATE
698,Mustafa,ANTALYA,LATE
702,Burak,BURDUR,LATE
704,Halil,SİVAS,LATE
705,Yağmur,KARAMAN,LATE
706,Burak,AKSARAY,LATE
707,Murat,ANKARA,UNPAID
708,Serkan,AFYONKARAHİSAR,UNPAID
714,Yasemin,ARTVİN,UNPAID
717,Serkan,ARDAHAN,LATE
720,İbrahim,MUĞLA,LATE
721,Sevim,ELAZIĞ,UNPAID
722,Ayşe,KIRIKKALE,LATE
724,Furkan,KONYA,UNPAID
726,Hasan,KARAMAN,LATE
738,Enes,AKSARAY,LATE
742,Merve,SİNOP,UNPAID
743,Mahmut,RİZE,LATE
753,Halil,AKSARAY,UNPAID
756,Hülya,BATMAN,UNPAID
758,Leyla,MALATYA,UNPAID
761,Sultan,BİNGÖL,UNPAID
766,Halil,KIRŞEHİR,LATE
768,Meryem,ARDAHAN,LATE
771,Emre,RİZE,UNPAID
772,Ahmet,ORDU,LATE
775,Metin,ERZİNCAN,UNPAID
781,Murat,ANKARA,UNPAID
481,Tuğba,AMASYA,LATE
486,Fatih,DENİZLİ,UNPAID
487,Hüseyin,SİİRT,LATE
491,Meryem,AFYONKARAHİSAR,UNPAID
494,Muhammed,ERZURUM,LATE
495,Ahmet,ADANA,UNPAID
503,Melek,KARS,LATE
508,Abdullah,SİVAS,LATE
511,Enes,AFYONKARAHİSAR,LATE
512,Kübra,AKSARAY,UNPAID
513,Yağmur,TUNCELİ,LATE
517,Hasan,KÜTAHYA,UNPAID
518,Yusuf,MALATYA,LATE
523,Muhammed,ARTVİN,UNPAID
528,Özlem,BOLU,LATE
529,Zehra,HATAY,UNPAID
531,Meryem,AKSARAY,UNPAID
544,Sultan,ÇORUM,LATE
548,Yasemin,SİNOP,UNPAID
551,Sultan,TUNCELİ,LATE
553,Mustafa,ŞANLIURFA,UNPAID
554,Süleyman,BİNGÖL,LATE
555,Adem,AĞRI,LATE
557,Ahmet,BİTLİS,UNPAID
558,İbrahim,NEVŞEHİR,UNPAID
560,Merve,BİTLİS,LATE
569,Tuğba,AYDIN,LATE
571,Kadir,SİVAS,LATE
574,Özlem,ERZİNCAN,LATE
575,Hatice,ORDU,LATE
579,Yasin,SAMSUN,LATE
584,Songül,KIRŞEHİR,LATE
588,Mustafa,ERZURUM,UNPAID
594,Zeynep,BİTLİS,UNPAID
595,Hakan,BALIKESİR,LATE
597,Rabia,ERZURUM,LATE
600,Murat,BURSA,UNPAID
602,Sevim,OSMANİYE,LATE
603,Enes,ELAZIĞ,LATE
610,Yasemin,VAN,UNPAID
615,Büşra,SAKARYA,UNPAID
619,Ahmet,SİVAS,UNPAID
621,Hatice,DİYARBAKIR,LATE
322,Aynur,ARTVİN,LATE
323,Hatice,KIRIKKALE,LATE
331,Fadime,OSMANİYE,UNPAID
346,Metin,KAHRAMANMARAŞ,UNPAID
347,Yasemin,KARS,LATE
351,Sultan,IĞDIR,LATE
353,Ayşe,ÇORUM,UNPAID
356,Aysel,DENİZLİ,UNPAID
359,Leyla,BURDUR,LATE
366,Enes,KIRKLARELİ,UNPAID
380,Enes,BİLECİK,LATE
384,Mustafa,TOKAT,LATE
392,Abdullah,ŞANLIURFA,LATE
395,Osman,MUĞLA,LATE
396,Halil,AKSARAY,UNPAID
405,Mustafa,MANİSA,UNPAID
407,Serkan,GAZİANTEP,LATE
409,Serkan,OSMANİYE,LATE
412,Furkan,ŞIRNAK,UNPAID
414,Songül,YOZGAT,LATE
417,Aysel,SAMSUN,LATE
421,Emine,KASTAMONU,UNPAID
422,Büşra,YALOVA,UNPAID
423,Ali,AYDIN,LATE
426,Songül,DÜZCE,LATE
436,Süleyman,VAN,UNPAID
442,Enes,ŞIRNAK,LATE
453,Yasemin,HAKKARİ,LATE
460,Hacer,SİİRT,UNPAID
159,Mehmet,TRABZON,LATE
165,Murat,BİNGÖL,UNPAID
166,Fatih,TUNCELİ,UNPAID
169,Aysel,ÇANKIRI,LATE
170,Fadime,BATMAN,LATE
171,Sultan,BATMAN,LATE
177,Havva,ANKARA,LATE
185,Yusuf,AĞRI,LATE
186,Osman,YOZGAT,LATE
187,Aysel,MUŞ,UNPAID
191,Murat,ANTALYA,LATE
202,Özlem,ANTALYA,LATE
206,Rabia,IĞDIR,UNPAID
209,Ramazan,SAKARYA,LATE
212,Tuğba,EDİRNE,LATE
217,Merve,KOCAELİ,UNPAID
219,Merve,TOKAT,LATE
220,Kadir,MARDİN,LATE
222,Ahmet,KÜTAHYA,LATE
223,Fadime,HAKKARİ,UNPAID
224,Rabia,BİTLİS,UNPAID
225,Sultan,KASTAMONU,LATE
228,Emre,BALIKESİR,LATE
231,Mahmut,AFYONKARAHİSAR,UNPAID
238,Özlem,BOLU,UNPAID
242,Aynur,NİĞDE,LATE
245,Metin,TEKİRDAĞ,LATE
247,Meryem,KAHRAMANMARAŞ,LATE
248,Yasin,BAYBURT,UNPAID
251,Hülya,ORDU,LATE
254,Yasin,BAYBURT,LATE
258,Rabia,HAKKARİ,LATE
259,Yasemin,YOZGAT,UNPAID
260,Rabia,İSTANBUL,UNPAID
263,Osman,VAN,LATE
278,Ali,DÜZCE,UNPAID
291,Tuğba,SAKARYA,UNPAID
293,Serkan,KONYA,LATE
299,Mustafa,BURSA,UNPAID
303,Burak,DÜZCE,LATE
304,Ali,KIRŞEHİR,LATE
311,Fatma,KARAMAN,UNPAID
9,Sultan,HATAY,LATE
13,Esra,BİLECİK,LATE
14,Ali,İSTANBUL,LATE
17,Hakan,ŞANLIURFA,LATE
18,Hacer,MERSİN,LATE
19,Enes,KAYSERİ,UNPAID
20,İsmail,YOZGAT,UNPAID
21,İbrahim,AFYONKARAHİSAR,LATE
22,Rabia,BOLU,UNPAID
23,Meryem,MUŞ,LATE
25,Hacer,NİĞDE,UNPAID
33,Fadime,KAYSERİ,UNPAID
36,Fadime,DİYARBAKIR,UNPAID
40,Murat,KÜTAHYA,UNPAID
44,Hasan,BOLU,LATE
48,Yusuf,SİİRT,UNPAID
50,Havva,KIRIKKALE,LATE
54,Burak,DÜZCE,UNPAID
57,Fadime,ORDU,UNPAID
63,Hülya,ARDAHAN,LATE
67,Fadime,KAYSERİ,LATE
71,Aysel,MANİSA,UNPAID
75,Kadir,ORDU,LATE
77,Havva,OSMANİYE,LATE
79,Enes,KIRIKKALE,LATE
83,Sultan,KONYA,UNPAID
85,Emre,DÜZCE,LATE
93,Ayşe,ARTVİN,LATE
100,Murat,ARDAHAN,LATE
103,İsmail,BALIKESİR,UNPAID
104,Yusuf,ÇANAKKALE,LATE
110,Dilek,AKSARAY,UNPAID
112,Elif,ANTALYA,UNPAID
118,Enes,KARS,UNPAID
124,Yasemin,KARS,UNPAID
125,Hülya,BARTIN,LATE
128,Ayşegül,ŞIRNAK,UNPAID
131,Leyla,KİLİS,LATE
138,Mahmut,GÜMÜŞHANE,UNPAID
139,Mehmet,ÇORUM,UNPAID
141,Meryem,KIRKLARELİ,UNPAID
143,Ayşe,KONYA,UNPAID
155,Ayşe,GAZİANTEP,LATE
9870,Yasin,BURSA,LATE
9871,Adem,MALATYA,UNPAID
9873,Fadime,ŞANLIURFA,UNPAID
9876,İbrahim,YOZGAT,UNPAID
9879,Mustafa,SİİRT,LATE
9880,Yasin,DÜZCE,UNPAID
9883,Kadir,ISPARTA,UNPAID
9887,Serkan,BAYBURT,UNPAID
9888,Sultan,SİNOP,UNPAID
9889,Havva,ŞANLIURFA,UNPAID
9892,Osman,KAYSERİ,UNPAID
9894,Ahmet,BARTIN,LATE
9903,Osman,ISPARTA,UNPAID
9906,Özlem,ADIYAMAN,UNPAID
9907,Merve,AYDIN,LATE
9908,Ayşegül,ORDU,LATE
9913,Ramazan,DENİZLİ,UNPAID
9915,Mahmut,HAKKARİ,LATE
9917,Zeynep,KİLİS,LATE
9922,Aysel,GİRESUN,LATE
9923,Yasin,TEKİRDAĞ,LATE
9928,Abdullah,GÜMÜŞHANE,LATE
9931,Hatice,RİZE,UNPAID
9933,Fadime,HATAY,LATE
9934,Tuğba,MALATYA,LATE
9937,Ramazan,AFYONKARAHİSAR,LATE
9938,Sevim,BARTIN,UNPAID
9940,Adem,MALATYA,UNPAID
9942,Enes,NEVŞEHİR,UNPAID
9947,Osman,ELAZIĞ,LATE
9951,İsmail,ŞANLIURFA,LATE
9952,Serkan,KAYSERİ,UNPAID
9953,Esra,ZONGULDAK,LATE
9957,Özlem,HAKKARİ,UNPAID
9959,Sultan,ADANA,LATE
9961,Fadime,KASTAMONU,UNPAID
9966,Yasin,BATMAN,UNPAID
9970,Hacer,DİYARBAKIR,LATE
9972,Burak,BİLECİK,LATE
9975,Fatih,UŞAK,UNPAID
9976,Hatice,BİLECİK,UNPAID
9977,Fadime,NİĞDE,UNPAID
9978,İbrahim,MARDİN,UNPAID
9981,Yağmur,AYDIN,UNPAID
9983,Halil,KONYA,LATE
9984,Yasemin,TOKAT,UNPAID
9987,Hülya,AMASYA,UNPAID
9993,Melek,NEVŞEHİR,UNPAID
9995,Yasemin,ADANA,UNPAID
9997,Tuğba,GÜMÜŞHANE,UNPAID
